-- phpMyAdmin SQL Dump
-- version 4.5.2
-- http://www.phpmyadmin.net
--
-- Host: localhost
-- Generation Time: Mar 14, 2017 at 02:58 PM
-- Server version: 10.1.19-MariaDB
-- PHP Version: 5.6.24

SET SQL_MODE = "NO_AUTO_VALUE_ON_ZERO";
SET time_zone = "+00:00";


/*!40101 SET @OLD_CHARACTER_SET_CLIENT=@@CHARACTER_SET_CLIENT */;
/*!40101 SET @OLD_CHARACTER_SET_RESULTS=@@CHARACTER_SET_RESULTS */;
/*!40101 SET @OLD_COLLATION_CONNECTION=@@COLLATION_CONNECTION */;
/*!40101 SET NAMES utf8mb4 */;

--
-- Database: `conjura_spot`
--

-- --------------------------------------------------------

--
-- Table structure for table `college`
--

CREATE TABLE `college` (
  `college_id` int(10) NOT NULL,
  `college_name` varchar(70) NOT NULL
) ENGINE=InnoDB DEFAULT CHARSET=latin1;

--
-- Dumping data for table `college`
--

INSERT INTO `college` (`college_id`, `college_name`) VALUES
(10001, 'Sanmuganathan Engineering College'),
(10002, 'ABV IIITM Gwalior'),
(10003, 'ACE'),
(10004, 'Achariya College of  Engineering Technology'),
(10006, 'Adi Shankara Institute of Engineering and Technology'),
(10007, 'Ahalia School of Engineering'),
(10008, 'AISAT'),
(10009, 'AIT Pune'),
(10010, 'AL AMEEN ENGINEERING COLLEGE'),
(10011, 'Al Azhar College of Engineering and Technology'),
(10012, 'Alagappa Chettiar College of Engineering & Technology'),
(10013, 'Allenhouse Institute of Technology,kanpur'),
(10014, 'ALSALAMA INSTITUTE OF ARCHITECTURE'),
(10015, 'Amal Jyothi College Of Engineering'),
(10016, 'Ambedkar Institute of Advanced Communication Technologies and Research'),
(10017, 'AMITY GLOBAL BUSINESS SCHOOL'),
(10018, 'Ammini College of Engineering'),
(10019, 'Amrita School of Arts and Science, Mysore'),
(10020, 'AMRITA SCHOOL OF ENGINEERING'),
(10021, 'Amrita Vishwa Vidhyapeetham'),
(10022, 'AMS Engineering College Chennai'),
(10023, 'ARMY INSTITUTE OF TECHNOLOGY'),
(10024, 'Army Public School, Barrackpore'),
(10025, 'ASADI'),
(10026, 'ASIAN COLLEGE'),
(10027, 'Asian School of Architecture and Design Innovation'),
(10028, 'Awh engineering college'),
(10029, 'B.V. Bhoomaraddi College of Engg & Tev'),
(10030, 'B.V.M'),
(10031, 'BABA'),
(10032, 'Babu Banarasi Das National Institute of Technology & Management, Luckn'),
(10033, 'Baithul Izza'),
(10034, 'Bannari Amman Institute of Technology'),
(10035, 'Bearys Institute of Technology'),
(10036, 'BEC'),
(10037, 'Bharathmatha CMI Public School, Palakkad'),
(10038, 'Bharatiya Vidya Bhavan'),
(10039, 'BHAVANS'),
(10040, 'BHAVANS ADARSHA VIDYALAYA'),
(10041, 'BHAVANS CHEVAYAR'),
(10042, 'Bhavans Girinagar'),
(10043, 'Bhavans Varuna'),
(10044, 'BHAVANS VIDYA MANDIR'),
(10045, 'Birla Vidya Niketan'),
(10046, 'BISET(Moga, Punjab)'),
(10047, 'BIT Mesra'),
(10048, 'BIT SINDRI'),
(10049, 'BITS'),
(10050, 'BITS Pilani'),
(10051, 'BMS COLLEGE OF ENGINEERING'),
(10052, 'Canara Engineerinh College'),
(10053, 'Capital College of Architecture'),
(10054, 'CEMP'),
(10055, 'CENTRE FOR MANAGEMENT STUDIES'),
(10056, 'CET'),
(10057, 'CHACKO'),
(10058, 'Chameli Devi Group of Institutions'),
(10059, 'Chandigarh university'),
(10060, 'Chennai Mathematical Institute'),
(10061, 'Chettinad Vidyashram'),
(10062, 'CHOICE SCHOOL'),
(10063, 'Christ College , Irinjalakuda'),
(10064, 'Ckdy'),
(10065, 'CMS College, Kottayam'),
(10066, 'COCHIN COLLEGE OF ENGINEERING AND TECHNOLOGY'),
(10067, 'COCHIN REFINERY SCHOOL'),
(10068, 'College Of Engineering Trivandrum'),
(10069, 'College of Applied Science , Thiruvambadi'),
(10070, 'College of Applied Science Neruvambram'),
(10071, 'College of Co Operation Banking and Management, Kerala Agriculture Uni'),
(10072, 'College of Engineering'),
(10073, 'COLLEGE OF ENGINEERING , ADOOR'),
(10074, 'COLLEGE OF ENGINEERING AND MANAGEMENT PUNNAPRA'),
(10075, 'COLLEGE OF ENGINEERING MUNNAR'),
(10076, 'College Of Engineering Vadakara'),
(10077, 'College of Engineering, Poonjar'),
(10078, 'COLLEGE OF ENGINEERING,CUSAT'),
(10079, 'COLLEGE OF ENGINEERING,TVPM'),
(10080, 'COLLEGE OF ENGNIEERING KARUNAGAPPALLY'),
(10081, 'College Of Technology And Engineering, Udaipur (Raj.)'),
(10082, 'Coorg Institute of Technology'),
(10083, 'CSI College of Engineering'),
(10084, 'CSI INSTITUTE OF TECHNOLOGY'),
(10085, 'CUSAT'),
(10086, 'DA-IICT'),
(10087, 'DAYAPURAM RESIDENTIAL SCHOOL'),
(10088, 'Delhi Public School'),
(10089, 'Delhi Technological University'),
(10090, 'DG COLLEGE OF ARCHITECTURE'),
(10091, 'DGBNF'),
(10092, 'DHAANISH AHMED INSTITUTE OF TECHNOLOGY'),
(10093, 'Dhirubhai Ambani Institute of Information and Communication Technology'),
(10094, 'DR Mahalingam college of Engineering & technology'),
(10095, 'Dr. B. R. Ambedkar National Institute of Technology,Jalandhar'),
(10096, 'DTU'),
(10097, 'EKC College of Architecture'),
(10098, 'Ekc Technical Campus'),
(10099, 'ERANAD KNOWLEDGE CITY'),
(10100, 'FAROOK COLLEGE'),
(10101, 'Federal Institute of Science and Technology'),
(10102, 'FEROKE COLLEGE'),
(10103, 'FISAT'),
(10104, 'FOCUS INSTITUTE OF SCIENCE AND TECHNOLOGY,POOMALA ,THRISSUR'),
(10105, 'Fr. C. Rodrigues Institute of Technology, Vashi.'),
(10106, 'G H Patel College of Engineering and Technology'),
(10107, 'G pullareddy engineering college'),
(10108, 'Galgotias University'),
(10109, 'GBHSS Manjeri'),
(10110, 'GCC Trissur'),
(10111, 'GEC calicut'),
(10112, 'GEC Idukki'),
(10113, 'GEC KOZHIKODE'),
(10114, 'GEC palakad'),
(10115, 'GEC THRISSUR'),
(10116, 'GEC WAYANAD'),
(10117, 'GECB'),
(10118, 'GECT'),
(10119, 'GHSC'),
(10120, 'GIITS'),
(10121, 'Gitam University'),
(10122, 'Gov.engineering college kozhikide'),
(10123, 'Governement Engineering College, Bartonhill, Trivandrum'),
(10124, 'GOVERNMENT COLLEGE OF ENGINEERING KANNUR'),
(10125, 'GOVERNMENT ENGINEERING COLLEGE'),
(10126, 'GOVERNMENT POLYTECHNIC COLLEGE'),
(10127, 'GOVT BRENNEN COLLEGE'),
(10128, 'GOVT T.D MEDICAL COLLEGE,ALAPPUZHA'),
(10129, 'Govt. MODEL ENGINEERING COLLEGE,THRIKKAKKARA'),
(10130, 'Govt. Poly Technic College, Perintalmanna'),
(10131, 'Govt. T D Medical College Allepey'),
(10132, 'GPTC PERINTHALMANNA'),
(10133, 'HOLY CROSS H.S.S. CHERPUNKAL'),
(10134, 'HOLY KINGS COLLEGE OF ENGINEERING AND TECHNOLOGY'),
(10135, 'HSS FOR BOYS PUNALUR'),
(10136, 'HSVN'),
(10137, 'IEM'),
(10138, 'IHRD CAS Thiruvambady'),
(10139, 'IIEST, SHIBPUR'),
(10140, 'IIIT ALLAHABAD'),
(10141, 'IIIT Gwalior'),
(10142, 'IIIT Hyderabad'),
(10143, 'IIIT KOTA'),
(10144, 'IIIT RGUKT RK VALLEY'),
(10145, 'IIITDM chennai'),
(10146, 'IIITM K'),
(10147, 'IIITMKT'),
(10148, 'IIT BHU'),
(10149, 'iit bombay'),
(10150, 'IIT Indore'),
(10151, 'IIT Jodhpur'),
(10152, 'IIT Kanpur'),
(10153, 'IIT kharagpur'),
(10154, 'IIT MADRAS'),
(10155, 'IIT PALAKAD'),
(10156, 'IIT ROORKEE'),
(10157, 'ILAHIA SCHOOL OF SCIENCE AND TECHNOLOGY'),
(10158, 'Indian Institute of Engineering Science & Technology, Shibpur'),
(10159, 'Indian Institute of Information Technology, Sricity'),
(10160, 'INDIAN INSTITUTE OF SPACE SCIENCE AND TECHNOLOGY'),
(10161, 'Indian Institute of Technology , Delhi'),
(10162, 'Indian School of Mines Dhannad'),
(10163, 'Institute of Chemical Technology'),
(10164, 'Institute of Engineering and Management'),
(10165, 'ISM-DHANBAD'),
(10166, 'IT GGU bilaspur'),
(10167, 'J.J Collge of Engineering and Technology'),
(10168, 'JADAVPUR UNIVERSITY'),
(10169, 'JAWAHARLAL COLLEGE OF ENGINEERING'),
(10170, 'Jaypee Institute of Information Technology'),
(10171, 'JDT Islam calicut'),
(10172, 'JHSHS'),
(10173, 'JNASC Edavanna'),
(10174, 'JntuA'),
(10175, 'JYOTHI ENGINEERING COLLEGE'),
(10176, 'K.L.O university'),
(10177, 'Kakatiya institute of technology and sciences'),
(10178, 'kamla nehru institute of technology,sultanpur'),
(10179, 'Karpagam College of Engineering'),
(10180, 'KENDRA VIDYALAYA KELTRON NAGAR'),
(10181, 'KENDRIYA VIDYALAYA CALICUT'),
(10182, 'kidorobotics'),
(10183, 'KIT, Kolhapur'),
(10184, 'Kj Somaiya College of Engg'),
(10185, 'KMCT'),
(10186, 'Kumaraguru College of Technology'),
(10187, 'KUNNAMANGALAM HSS'),
(10188, 'Kurian Sibi'),
(10189, 'KV NO 1 CALICUT'),
(10190, 'LBSCE Kasargod'),
(10191, 'M A College ramapuram'),
(10192, 'M S Ramaiah Institute of Technology'),
(10193, 'M. e. s college of engineering, kuttippuram'),
(10194, 'M.CAP'),
(10195, 'MA COLLEGE OF ENGINEERING KOTHAMANGALAM'),
(10196, 'MADIN POLYTECHNIC OLLEGE'),
(10197, 'MADRAS ROCKING INSTITUTE'),
(10198, 'MahaLakshmi'),
(10199, 'MANAKULA VINAYAR INSTITUTE OF TECHNOLOGY'),
(10200, 'MANGALAM COLLEGE OF ENGINEERING'),
(10201, 'Mangalore institute of technology and engineering'),
(10202, 'Manipal Institute of Technology'),
(10203, 'MANIPAL UNIVERSITY'),
(10204, 'MANIT, Bhopal'),
(10205, 'MANIT,Bhopal'),
(10206, 'MAR BASELIOS COLEGE'),
(10207, 'MAR IVANIOS COLLEGE'),
(10208, 'Mar Thoma School Of Management Studies, Kakkanad'),
(10209, 'MARIAN COLLEGE OF ENGINEERING'),
(10210, 'MEA engineering collage'),
(10211, 'MEC'),
(10212, 'MES college'),
(10213, 'Mes School Pattambi'),
(10214, 'MESCE'),
(10215, 'MESE'),
(10216, 'MIT , Pune'),
(10217, 'MITS,GWALIOR'),
(10218, 'MKCE'),
(10219, 'MSA'),
(10220, 'MSIT'),
(10221, 'MUTHOOT INSTITUTE OF TECHNOLOGY AND SCIENCE'),
(10222, 'MVJ College of Engineering'),
(10223, 'National Institute of technology Jamshedpur'),
(10224, 'National institute of technology puducherry'),
(10225, 'NATIONAL INSTITUTE OF TECHNOLOGY TIRUCHIRAPPALLI'),
(10226, 'NCERC'),
(10227, 'Nehru college of engineering'),
(10228, 'Nehru Ottapalam'),
(10229, 'NIELIT'),
(10230, 'NIFT Banglore'),
(10231, 'Nirmala College , Muvattupuzha'),
(10232, 'NIT Durgapur'),
(10233, 'NIT Goa'),
(10234, 'NIT Kurukshetra'),
(10235, 'NIT MEGHALAYA'),
(10236, 'NIT Patna'),
(10237, 'NIT Raipur'),
(10238, 'NIT SIKKIM'),
(10239, 'NIT Silchar'),
(10240, 'NIT Srinagar'),
(10241, 'NIT Surathkal'),
(10242, 'NIT WARANGAL'),
(10243, 'NIT-H'),
(10244, 'NITPY'),
(10245, 'NMIMS'),
(10246, 'NMIT'),
(10247, 'Noorul Islam College of Atrs & Science'),
(10248, 'NORTH MALABAR INSTITUTE OF TECHNOLOGY, KANHANGAD'),
(10249, 'NSIT'),
(10250, 'NSS COLLEGE OF ENGINEERING'),
(10251, 'OAS Institute of technology and management'),
(10252, 'P.A COLLEGE OF ENGINEERING'),
(10253, 'PEEKEY CICS ARTS AND SCIENCE COLLAGE'),
(10254, 'PES INSTITUTE OF TECHNOLOGY'),
(10255, 'Pondicherry university'),
(10256, 'Pragati Engineering College'),
(10257, 'Providence Womence College'),
(10258, 'PRS COLLEGE OF ENGINEERING,NEYYATTINKARA'),
(10259, 'PSIT, Kanpur'),
(10260, 'PSNA College'),
(10261, 'Puliyapparamb Hss kodunthirapully, palakkad'),
(10262, 'Punjab Engieenering Collage PEC'),
(10263, 'PWC'),
(10264, 'R.V.R & J.C college of engineering'),
(10265, 'Rajalakshmi engineering college'),
(10266, 'RAJAS ENGINEERING COLLEGE'),
(10267, 'Rajiv Ghandhi Institute of Technology'),
(10268, 'Ranganathan Architecture College'),
(10269, 'Rit kottayam'),
(10270, 'Royal College of Engineering and Technology'),
(10271, 'RYV'),
(10272, 'S N G'),
(10273, 'SACRED HEART H.S.S,THIRUVAMBADI'),
(10274, 'Safi Institute of Advanced Study'),
(10275, 'Sahrdaya'),
(10276, 'SAHYADRI'),
(10277, 'SAINTGITS COLLEGE OF ENGINEERING'),
(10278, 'SAMBHRAM INSTITUTE OF TECHNOLOGY'),
(10279, 'SANTHINIKETHAN PUBLIC SCHOOL'),
(10280, 'SARASWATHI VIDYANIKETHAN PUBLIC SCHOOL'),
(10281, 'SARDAR PATEL INSTITUTE OF TECHNOLOGY'),
(10282, 'Sastra Univeristy'),
(10283, 'SB College'),
(10284, 'SCET'),
(10285, 'SCHOOL OF ENGG CUSAT'),
(10286, 'SCMS'),
(10287, 'SCT'),
(10288, 'SFS Public School'),
(10289, 'SIET'),
(10290, 'Sinhgad Institute Of Technology, Lonavala'),
(10291, 'Sir JJ Institute of Applied Art'),
(10292, 'SJCET'),
(10293, 'Sneha College of Architecture'),
(10294, 'SNGCET'),
(10295, 'SNGIST ASC'),
(10296, 'SNGS College Pattambi'),
(10297, 'SNGS pattambi'),
(10298, 'SNS College of Technology'),
(10299, 'SOE CUSAT'),
(10300, 'SOET'),
(10301, 'SREE CHITHRA THIRUNAL COLLEGE OF ENGINEERING'),
(10302, 'SREE NARAYANA'),
(10303, 'Sree Vellapally nadeshan college of engineering'),
(10304, 'SREE VIDYANIKETHAN ENGINEERING COLLEGE'),
(10305, 'SRI KRISHNA COLLEGE OF ENGINEERING AND TECHNOLOGY'),
(10306, 'Sri Ramakrishna Mission Vidyalaya College of Arts and Science'),
(10307, 'SRI VELLAPALLY COLLEGE OF ENGINEERING'),
(10308, 'SRM UNIVERSITY'),
(10309, 'SS College'),
(10310, 'SSET'),
(10311, 'St Joseph''s College of Engineering and Technology'),
(10312, 'St thomas'),
(10313, 'St. Peters University Chennai'),
(10314, 'St. THOMAS RESIDENTIAL SCHOOL'),
(10315, 'ST. XAVIER COLLEGE'),
(10316, 'St.Joseph'),
(10317, 'Sullamussalam Science College'),
(10318, 'SV COLLEGE OF ENGINEERING'),
(10319, 'TKM College Of Engineering'),
(10320, 'Techno India Saltlake'),
(10321, 'Thadomal Shahani Engineering College'),
(10322, 'THE INSTITUTE OF CHARTERED ACCOUNTANTS OF INDIA'),
(10323, 'The National Institute Of Engineering'),
(10324, 'Thejus college of architecture'),
(10325, 'Thejus Engineering college'),
(10326, 'Thiagarajar college of engineering'),
(10327, 'Thunchath Ezhuthachan Malayalam University'),
(10328, 'Toc H Institute of Science and Technology'),
(10329, 'UIT Pirappancode Trivandrum'),
(10330, 'UKF CET'),
(10331, 'University College of Engineering, Bharathidasan Institute of Technolo'),
(10332, 'University of Hyderabad'),
(10333, 'University School of Information and communication technology, GGSIPU'),
(10334, 'V.M.K.V.Engineering College'),
(10335, 'VAST'),
(10336, 'VEDA VYASA INSTITUTE OF TECHNOLOGY'),
(10337, 'Vellore Institure of Technology, Vellore'),
(10338, 'Vidya Academy of Science & Technology'),
(10339, 'Vidyalankar Institute Of Technology'),
(10340, 'vikas'),
(10341, 'vimal jyothi'),
(10342, 'VISAT'),
(10343, 'Viswajyothi College'),
(10344, 'VIT'),
(10345, 'VNIT Nagpur'),
(10346, 'VVIT'),
(10347, 'WEST BENGAL UNIVERSITY OF TECHNOLOGY'),
(10348, 'National Institue Of Technology, Calicut'),
(10349, 'SMV HSS POONJAR'),
(10350, 'Rajagiri College Of Engineering'),
(10351, 'Indira Gandhi National Open University'),
(10352, 'College of Engineering Attingal'),
(10353, 'IISER TVM'),
(10354, 'Guruvayur Devaswom English Medium School'),
(10355, 'Kongu Engineering College'),
(10356, 'Indian Institute Of Information Technology, Srirangam, Tiruchirappalli'),
(10357, 'TVS Matriculation Higher Secondary School'),
(10358, 'Govt. I.T.I. Ettumanoor'),
(10359, 'Heera college of engineering and technology'),
(10360, 'Sreepathy Institute Of Management And Technology, Vavannoor'),
(10361, 'M Dasan Institute Of Technology'),
(10362, 'University College of Engineering, Thodupuzha'),
(10363, 'Govt. I.T.I Ettumanoor'),
(10364, 'Palghat Lions School'),
(10365, 'IISER Thiruvanathapuram'),
(10366, 'College of Architecture Trivandrum'),
(10367, 'NetSec Technology, Calicut'),
(10368, 'Acharya Institute Of Technology, Bangalore'),
(10370, 'Mangalam School Of Architecture And Planning, Kottayam'),
(10371, 'TKM Institute Of Technology'),
(10372, 'Lakireddy Balireddy College Of Engineering'),
(10373, 'Marian College of Architecture and Planning'),
(10374, 'Chinmaya Vidyalaya Kozhikode'),
(10375, 'Younas College Of Engineering'),
(10376, 'Madras Christian College, Chennai'),
(10377, 'Sacred Hearts English Medium Secondary Scool, Puthuparamba'),
(10378, 'St Mary''s Higher Secondary School, Kidangoor'),
(10379, 'IES College Of Architecture, Chittilapally'),
(10380, 'IES College Of Engineering, Chittilapally'),
(10381, 'Rajadhani Institute Of Engineering And Technology'),
(10382, 'Holy Cross Institute Of Management and Technology, Eranhipalam'),
(10383, 'Sri Manakula Vinayagar Engineering College'),
(10384, 'Ilahia College Of Engineering And Technology'),
(10385, 'Calicut Medical College'),
(10386, 'Adhiparasakthi College of Engineering');

-- --------------------------------------------------------

--
-- Table structure for table `events`
--

CREATE TABLE `events` (
  `event_id` int(10) NOT NULL,
  `event_name` varchar(20) NOT NULL,
  `amount` int(10) NOT NULL,
  `pre_reg` char(2) NOT NULL COMMENT 'y if advance payment required',
  `team` char(2) NOT NULL COMMENT 'y if its a team event',
  `event_display` varchar(50) DEFAULT NULL,
  `lock_event` int(2) DEFAULT '0' COMMENT 'if lock==1 , event is locked'
) ENGINE=InnoDB DEFAULT CHARSET=latin1;

--
-- Dumping data for table `events`
--

INSERT INTO `events` (`event_id`, `event_name`, `amount`, `pre_reg`, `team`, `event_display`, `lock_event`) VALUES
(1001, 'voice_of_conjura', 100, 'n', 'n', 'VOICE OF CONJURA', 0),
(1002, 'unplugged', 400, 'n', 'y', 'UNPLUGGED', 0),
(1003, 'solowestern', 100, 'n', 'n', 'SOLOWESTERN', 0),
(1004, 'overdrive', 400, 'n', 'y', 'OVERDRIVE', 0),
(1005, 'dyad(duet)', 150, 'n', 'y', 'DYAD(DUET)', 0),
(1006, 'agnee', 400, 'n', 'y', 'AGNEE', 0),
(1007, 'dj_war', 500, 'n', 'y', 'DJ WAR', 0),
(1008, 'spot_master', 100, 'n', 'n', 'SPOT MASTER', 0),
(1009, 'reflection', 150, 'n', 'y', 'REFLECTION', 0),
(1010, 'go_solo', 100, 'n', 'n', 'GO SOLO', 0),
(1011, 'choreonight', 1500, 'n', 'y', 'CHOREONIGHT', 0),
(1012, 'monoact', 100, 'n', 'n', 'MONOACT', 0),
(1013, 'mime', 300, 'n', 'y', 'MIME', 0),
(1014, 'hraswa', 500, 'y', 'y', 'HRASWA', 0),
(1015, 'drama', 300, 'n', 'y', 'DRAMA', 0),
(1016, 'love_letter_writing', 50, 'n', 'n', 'LOVE LETTER WRITING', 0),
(1017, 'jam_eng', 50, 'n', 'y', 'JAM (ENGLISH)', 0),
(1018, 'haiku_writing', 50, 'n', 'n', 'HAIKU WRITING', 0),
(1019, 'debate', 100, 'n', 'y', 'DEBATE', 0),
(1020, 'recitation', 50, 'n', 'n', 'RECITATION', 0),
(1021, 'pencil_sketching', 50, 'n', 'n', 'PENCIL SKETCHING', 0),
(1022, 'painting', 50, 'n', 'n', 'PAINTING', 0),
(1023, 'mehendi', 50, 'n', 'n', 'MEHENDI', 0),
(1024, 'face_painting', 50, 'n', 'n', 'FACE PAINTING', 0),
(1025, 'collage', 50, 'n', 'n', 'COLLAGE', 0),
(1026, 'clay_modelling', 50, 'n', 'n', 'CLAY MODELLING', 0),
(1027, 'mr_and_ms_conjura', 300, 'n', 'n', 'MR & MS CONJURA', 0),
(1028, 'treasure_hunt', 200, 'n', 'y', 'TREASURE HUNT', 0),
(1029, 'graffiti', 100, 'n', 'y', 'GRAFFITI', 0),
(1030, 'hive_mind', 200, 'n', 'y', 'HIVE MIND', 0),
(1031, 'you_know_nothing', 100, 'n', 'y', 'YOU KNOW NOTHING', 0),
(1032, 'badminton', 200, 'n', 'y', 'BADMINTON', 0),
(1033, 'football', 300, 'n', 'y', 'FOOTBALL', 0),
(1034, 'cricket', 400, 'n', 'y', 'CRICKET', 0),
(1035, 'volleyball', 300, 'n', 'y', 'VOLLEYBALL', 0),
(1036, 'chess', 200, 'n', 'n', 'CHESS', 0),
(1037, 'g_coder', 100, 'n', 'n', 'G CODER', 0),
(1038, 'cadwar', 100, 'n', 'n', 'CADWAR', 0),
(1039, 'fabricato', 150, 'n', 'y', 'FABRICATO', 0),
(1040, 'robo_gt', 300, 'n', 'y', 'ROBO GT', 0),
(1041, 'envisage', 100, 'n', 'y', 'ENVISAGE', 0),
(1042, 'creativo', 150, 'n', 'y', 'CREATIVO', 0),
(1043, 'engine_assembly', 150, 'n', 'y', 'ENGINE ASSEMBLY', 0),
(1044, 'contraption', 200, 'n', 'y', 'CONTRAPTION', 0),
(1045, 'aqua_strike', 150, 'n', 'y', 'AQUA STRIKE', 0),
(1046, 'regatta', 50, 'n', 'n', 'REGATTA', 0),
(1047, 'praesentare', 100, 'n', 'n', 'PRAESENTARE', 0),
(1048, 'hackovate', 300, 'n', 'y', 'HACKOVATE', 0),
(1049, 'glow_it_or_blow_it', 100, 'n', 'n', 'GLOW IT OR BLOW IT', 0),
(1050, 'espionage', 300, 'n', 'y', 'ESPIONAGE', 0),
(1051, 'electromaze', 100, 'n', 'n', 'ELECTROMAZE', 0),
(1052, 'task_marathon', 100, 'n', 'y', 'TASK MARATHON', 0),
(1053, 'robowar', 500, 'n', 'y', 'ROBOWAR', 0),
(1054, 'matlab_image_coding', 100, 'n', 'y', 'MATLAB IMAGE CODING', 0),
(1055, 'line_follower', 200, 'n', 'n', 'LINE FOLLOWER', 0),
(1056, 'formula_dr1', 500, 'n', 'y', 'FORMULA DR1', 0),
(1057, 'instant_coding', 100, 'n', 'n', 'INSTANT CODING', 0),
(1058, 'code_fortress', 100, 'n', 'y', 'CODE FORTRESS', 0),
(1059, 'hack_dr_lanning', 100, 'n', 'n', 'HACK DR LANNING', 0),
(1060, 'fb_quest_day1', 100, 'n', 'n', 'FB QUEST DAY1', 0),
(1061, 'alohomora', 100, 'n', 'y', 'ALOHOMORA', 0),
(1062, 'theodo', 100, 'n', 'y', 'THEODO', 0),
(1063, 'sthapati', 100, 'n', 'y', 'STHAPATI', 0),
(1064, 'sahistha_saggha', 200, 'n', 'y', 'SAHISTHA SAGGHA', 0),
(1065, 'contrivir', 100, 'n', 'y', 'CONTRIVIR', 0),
(1066, 'equipo_360', 200, 'n', 'y', 'EQUIPO 360', 0),
(1067, 'terminus_puzzle', 200, 'n', 'y', 'TERMINUS PUZZLE', 0),
(1068, 'innovate_2017', 100, 'n', 'y', 'INNOVATE 2017', 0),
(1069, 'propulsia', 200, 'n', 'y', 'PROPULSIA', 0),
(1070, 'potentia', 100, 'n', 'y', 'POTENTIA', 0),
(1071, 'formula_h', 200, 'n', 'y', 'FORMULA H', 0),
(1072, 'deadlock', 100, 'n', 'y', 'DEADLOCK', 0),
(1073, 'choncord_macro', 200, 'y', 'y', 'CONCHORD MACRO', 0),
(1074, 'choncord_micro', 100, 'y', 'y', 'CONCHORD MICRO', 0),
(1075, 'fabrilis', 100, 'y', 'y', 'FABRILIS', 0),
(1076, 'hustle_n_bustle', 100, 'y', 'y', 'HUSTLE N BUSTLE', 0),
(1077, 'play_around', 200, 'n', 'y', 'PLAY AROUND', 0),
(1078, 'trikal', 100, 'y', 'y', 'TRIKAL', 0),
(1079, 'call_of_duty', 100, 'n', 'y', 'CALL OF DUTY 4 MODERN WARFARE', 0),
(1080, 'fifa_15_legendary', 100, 'n', 'n', 'FIFA 15 LEGENDARY', 0),
(1081, 'fifa_tournament', 100, 'n', 'n', 'FIFA TOURNAMENT', 0),
(1082, 'nfs_most_wanted', 100, 'n', 'n', 'NFS MOST WANTED', 0),
(1083, 'fb_quest_day2', 100, 'n', 'n', 'FB QUEST DAY2', 0),
(1084, 'workshop_cse', 300, 'y', 'n', 'SECURITY TESTING USING PYTHON(WORKSHOP)', 0),
(1085, 'workshop_eee', 500, 'y', 'n', 'MOBILE BASED HOME AUTOMATION(WORKSHOP)', 0),
(1086, 'workshop1_arch', 350, 'n', 'n', 'PENCIL LEAD CARVING(WORKSHOP)', 0),
(1087, 'workshop2_arch', 200, 'n', 'n', 'MURAL PAINTING(WORKSHOP)', 0),
(1088, 'denovo', 1000, 'n', 'y', 'DENOVO', 0),
(1089, 'comquest', 150, 'n', 'y', 'COMQUEST', 0),
(1090, 'cadd_design', 0, 'n', 'n', 'CADD CENTRE''S DESIGN CONTEST', 0),
(1091, 'a_r', 500, 'n', 'n', 'AUGMENTED REALITY(WORKSHOP)', 0),
(1092, 'udyati', 100, 'n', 'n', 'UDYATI', 0),
(1093, 'vehicle_design', 750, 'n', 'n', 'VEHICLE DESIGN AND DYNAMICS(WORKSHOP)', 0),
(1094, 'nail_art', 50, 'n', 'n', 'NAIL ART', 0),
(1095, 'event_x', 50, 'n', 'n', 'EVENT X', 0),
(1096, 'lakia', 200, 'n', 'y', 'LAKIA ZAROLA (Treasure Hunt)', 0),
(1097, 'planerik', 30, 'n', 'y', 'PLANERIK', 0),
(1098, 'jam_mal', 50, 'n', 'y', 'JAM (MALAYALAM)', 0);

-- --------------------------------------------------------

--
-- Table structure for table `event_participants`
--

CREATE TABLE `event_participants` (
  `sno` int(10) NOT NULL,
  `part_id` int(10) NOT NULL,
  `event_id` int(10) NOT NULL,
  `paid` char(2) NOT NULL,
  `trans_id` varchar(15) NOT NULL
) ENGINE=InnoDB DEFAULT CHARSET=latin1;

--
-- Dumping data for table `event_participants`
--

INSERT INTO `event_participants` (`sno`, `part_id`, `event_id`, `paid`, `trans_id`) VALUES
(5, 11004, 1001, 'n', ''),
(6, 11005, 1001, 'y', '1325277522'),
(7, 11005, 1003, 'y', '1325277522'),
(8, 11005, 1006, 'y', '1325277522'),
(9, 11005, 1007, 'y', '1325277522'),
(10, 11005, 1020, 'y', '1325277522'),
(11, 11004, 1001, 'y', '7338425122'),
(12, 11008, 1001, 'n', ''),
(13, 11008, 1016, 'n', ''),
(14, 11010, 1011, 'n', ''),
(15, 11010, 1010, 'n', ''),
(16, 11012, 1074, 'y', '7357680482'),
(17, 11013, 1008, 'y', '7360403498'),
(18, 11013, 1010, 'y', '7360403498'),
(19, 11014, 1034, 'y', '7360650386'),
(20, 11016, 1001, 'n', ''),
(21, 11016, 1001, 'n', ''),
(22, 11017, 1073, 'y', '7361990174'),
(23, 11019, 1060, 'y', '\\'''),
(24, 11020, 1026, 'n', ''),
(25, 11021, 1035, 'n', ''),
(26, 11023, 1002, 'y', '7387894818'),
(27, 11027, 1001, 'n', ''),
(28, 11027, 1018, 'n', ''),
(29, 11028, 1027, 'n', ''),
(30, 11029, 1073, 'y', ' 7395237342'),
(31, 11031, 1003, 'y', '7397761774'),
(32, 11032, 1036, 'n', ''),
(33, 11033, 1001, 'n', ''),
(34, 11034, 1068, 'n', ''),
(35, 11034, 1068, 'y', '7403279398'),
(36, 11036, 1003, 'n', ''),
(37, 11037, 1036, 'n', ''),
(38, 11038, 1073, 'y', '227923756870630'),
(39, 11039, 1011, 'n', ''),
(40, 11040, 1068, 'y', '7434210754'),
(41, 11042, 1002, 'n', ''),
(42, 11042, 1003, 'n', ''),
(43, 11043, 1031, 'n', ''),
(44, 11045, 1074, 'y', '7448672614'),
(45, 11047, 1011, 'n', ''),
(46, 11049, 1025, 'n', ''),
(47, 11050, 1036, 'n', ''),
(48, 11051, 1073, 'y', '7465217154'),
(49, 11052, 1009, 'n', ''),
(50, 11054, 1036, 'n', ''),
(51, 11055, 1073, 'y', '2860019625'),
(52, 11056, 1009, 'n', ''),
(53, 11058, 1007, 'n', ''),
(54, 11059, 1069, 'y', '7474802610'),
(55, 11061, 1036, 'n', ''),
(56, 11062, 1036, 'n', ''),
(57, 11063, 1011, 'n', ''),
(58, 11065, 1011, 'n', ''),
(59, 11066, 1035, 'n', ''),
(60, 11069, 1008, 'n', ''),
(61, 11070, 1036, 'n', ''),
(62, 11071, 1074, 'y', '75046 00902'),
(63, 11073, 1078, 'y', '7505528414'),
(64, 11074, 1036, 'n', ''),
(65, 11075, 1006, 'n', ''),
(66, 11076, 1036, 'n', ''),
(67, 11077, 1036, 'n', ''),
(68, 11078, 1036, 'n', ''),
(69, 11079, 1023, 'y', '7524973718'),
(70, 11080, 1074, 'y', '7527238134'),
(71, 11083, 1011, 'n', ''),
(72, 11085, 1036, 'n', ''),
(73, 11086, 1079, 'y', '2869995665'),
(74, 11086, 1082, 'y', '2869995665'),
(75, 11089, 1036, 'n', ''),
(76, 11089, 1036, 'n', ''),
(77, 11090, 1001, 'n', ''),
(78, 11090, 1001, 'n', ''),
(79, 11090, 1001, 'n', ''),
(80, 11090, 1001, 'n', ''),
(81, 11090, 1001, 'n', ''),
(82, 11090, 1001, 'n', ''),
(83, 11093, 1011, 'n', ''),
(84, 11095, 1036, 'n', ''),
(85, 11096, 1034, 'y', '7540053034'),
(86, 11098, 1036, 'y', '7543830126'),
(87, 11099, 1006, 'n', ''),
(88, 11100, 1010, 'n', ''),
(89, 11102, 1036, 'n', ''),
(90, 11103, 1032, 'n', ''),
(91, 11103, 1036, 'n', ''),
(92, 11104, 1001, 'n', ''),
(93, 11105, 1036, 'y', '7569865090'),
(94, 11106, 1003, 'y', '7572087970'),
(95, 11107, 1011, 'n', ''),
(96, 11108, 1058, 'n', ''),
(97, 11110, 1019, 'n', ''),
(98, 11115, 1001, 'y', '7579824730'),
(99, 11116, 1034, 'n', ''),
(100, 11118, 1004, 'y', '7596362278'),
(101, 11119, 1001, 'n', ''),
(102, 11119, 1001, 'n', ''),
(103, 11120, 1075, 'y', '7600097286'),
(104, 11122, 1014, 'y', '7600977314'),
(105, 11124, 1013, 'n', ''),
(106, 11124, 1016, 'n', ''),
(107, 11124, 1017, 'n', ''),
(108, 11124, 1019, 'n', ''),
(109, 11124, 1023, 'n', ''),
(110, 11124, 1025, 'n', ''),
(111, 11124, 1027, 'n', ''),
(112, 11124, 1028, 'n', ''),
(113, 11124, 1029, 'n', ''),
(114, 11124, 1031, 'n', ''),
(115, 11124, 1033, 'n', ''),
(116, 11124, 1034, 'n', ''),
(117, 11124, 1042, 'n', ''),
(118, 11124, 1062, 'n', ''),
(119, 11124, 1063, 'n', ''),
(120, 11124, 1064, 'n', ''),
(121, 11124, 1065, 'n', ''),
(122, 11124, 1066, 'n', ''),
(123, 11124, 1067, 'n', ''),
(124, 11124, 1068, 'n', ''),
(125, 11124, 1072, 'n', ''),
(126, 11124, 1075, 'n', ''),
(127, 11124, 1077, 'n', ''),
(128, 11124, 1083, 'n', ''),
(129, 11124, 1086, 'n', ''),
(130, 11125, 1011, 'n', ''),
(131, 11127, 1041, 'n', ''),
(132, 11128, 1021, 'y', '7603426882'),
(133, 11128, 1026, 'y', '7603426882'),
(134, 11132, 1041, 'n', ''),
(135, 11133, 1064, 'n', ''),
(136, 11129, 1041, 'n', ''),
(137, 11136, 1003, 'y', '7605087970'),
(138, 11137, 1017, 'n', ''),
(139, 11138, 1040, 'n', ''),
(140, 11133, 1067, 'n', ''),
(141, 11140, 1003, 'y', '7605414570'),
(142, 11140, 1005, 'y', '7605414570'),
(143, 11133, 1081, 'n', ''),
(144, 11141, 1010, 'y', '7605642614'),
(145, 11142, 1014, 'y', '7482674814'),
(146, 11143, 1014, 'y', '7572184758'),
(147, 11144, 1014, 'y', '75615690034'),
(148, 11145, 1009, 'n', ''),
(149, 11147, 1014, 'y', '7549723102'),
(150, 11151, 1001, 'n', ''),
(151, 11153, 1041, 'n', ''),
(152, 11155, 1041, 'n', ''),
(153, 11010, 1010, 'n', ''),
(154, 11159, 1041, 'n', ''),
(155, 11160, 1041, 'n', ''),
(156, 11153, 1047, 'n', ''),
(157, 11162, 1029, 'y', '7609825838'),
(158, 11164, 1021, 'y', '7610475578'),
(159, 11164, 1082, 'y', '7610475578'),
(160, 11151, 1001, 'n', ''),
(161, 11151, 1001, 'n', ''),
(162, 11165, 1014, 'y', '7491152934'),
(163, 11167, 1067, 'n', ''),
(164, 11169, 1075, 'y', '7627725782'),
(165, 11173, 1085, 'n', ''),
(166, 11174, 1014, 'y', '7388096198'),
(167, 11175, 1001, 'n', ''),
(168, 11176, 1001, 'n', ''),
(169, 11176, 1001, 'n', ''),
(170, 11173, 1085, 'n', ''),
(171, 11177, 1001, 'n', ''),
(172, 11178, 1033, 'y', '67109159405'),
(173, 11178, 1081, 'y', '67109159405'),
(174, 11178, 1082, 'y', '67109159405'),
(175, 11180, 1091, 'y', 'SBTR0000397'),
(176, 11182, 1073, 'y', '7636004462'),
(177, 11184, 1084, 'y', '7636119822'),
(178, 11185, 1084, 'y', '7636325790'),
(179, 11186, 1084, 'y', '7636441322'),
(180, 11187, 1084, 'y', '7636533414'),
(181, 11189, 1084, 'y', '7636614950'),
(182, 11190, 1073, 'y', '885090354217068'),
(183, 11191, 1041, 'n', ''),
(184, 11192, 1003, 'n', ''),
(185, 11192, 1020, 'n', ''),
(186, 11191, 1043, 'n', ''),
(187, 11191, 1092, 'n', ''),
(188, 11193, 1084, 'y', '7641762390'),
(189, 11194, 1084, 'y', '7642151630'),
(190, 11195, 1031, 'y', '7642616606'),
(191, 11197, 1092, 'n', ''),
(192, 11198, 1001, 'n', ''),
(193, 11199, 1084, 'y', '7643635426'),
(194, 11200, 1084, 'y', '7643844178'),
(195, 11201, 1084, 'y', '7643924566'),
(196, 11202, 1073, 'n', ''),
(197, 11204, 1011, 'n', ''),
(198, 11206, 1084, 'y', '7646305338'),
(199, 11207, 1036, 'n', ''),
(200, 11208, 1088, 'n', ''),
(201, 11209, 1062, 'n', ''),
(202, 11209, 1064, 'n', ''),
(203, 11153, 1041, 'n', ''),
(204, 11153, 1047, 'n', ''),
(205, 11211, 1041, 'n', ''),
(206, 11212, 1084, 'y', '7648381882'),
(207, 11213, 1085, 'n', ''),
(208, 11215, 1084, 'y', '7649057022'),
(209, 11221, 1064, 'n', ''),
(210, 11224, 1047, 'n', ''),
(211, 11226, 1047, 'n', ''),
(212, 11230, 1047, 'n', ''),
(213, 11231, 1084, 'y', '7651923290'),
(214, 11232, 1027, 'n', ''),
(215, 11237, 1085, 'y', '7654213550'),
(216, 11238, 1040, 'n', ''),
(217, 11238, 1082, 'n', ''),
(218, 11238, 1040, 'n', ''),
(219, 11238, 1082, 'n', ''),
(220, 11238, 1040, 'y', 'https://docs.go'),
(221, 11238, 1082, 'y', 'https://docs.go'),
(222, 11239, 1084, 'y', '7657691930'),
(223, 11240, 1068, 'n', ''),
(224, 11242, 1017, 'n', ''),
(225, 11242, 1019, 'n', ''),
(226, 11243, 1080, 'y', '7661078182'),
(227, 11243, 1081, 'y', '7661078182'),
(228, 11244, 1084, 'y', '7661343550'),
(229, 11245, 1047, 'n', ''),
(230, 11246, 1019, 'n', ''),
(231, 11246, 1020, 'n', ''),
(232, 11247, 1036, 'n', ''),
(233, 11247, 1049, 'n', ''),
(234, 11247, 1081, 'n', ''),
(235, 11248, 1047, 'n', ''),
(236, 11246, 1019, 'n', ''),
(237, 11246, 1020, 'n', ''),
(238, 11249, 1084, 'y', '7649675070'),
(239, 11250, 1094, 'n', ''),
(240, 11250, 1094, 'n', ''),
(241, 11251, 1036, 'n', ''),
(242, 11252, 1084, 'y', '7669220918'),
(243, 11253, 1084, 'y', '7669417882'),
(244, 11257, 1047, 'n', ''),
(245, 11254, 1047, 'n', ''),
(246, 11254, 1041, 'n', ''),
(247, 11254, 1041, 'n', ''),
(248, 11254, 1047, 'n', ''),
(249, 11254, 1088, 'n', ''),
(250, 11254, 1041, 'n', ''),
(251, 11254, 1047, 'n', ''),
(252, 11254, 1088, 'n', ''),
(253, 11260, 1085, 'n', ''),
(254, 11261, 1093, 'n', ''),
(255, 11262, 1093, 'n', ''),
(256, 11263, 1084, 'y', '7672444106'),
(257, 11264, 1092, 'y', '7673272066'),
(258, 11265, 1093, 'n', ''),
(259, 11266, 1064, 'n', ''),
(260, 11267, 1093, 'n', ''),
(261, 11268, 1093, 'n', ''),
(262, 11269, 1093, 'n', ''),
(263, 11270, 1001, 'n', ''),
(264, 11270, 1001, 'y', 'CT11270'),
(265, 11271, 1093, 'n', ''),
(266, 11272, 1084, 'y', 'tfgjhkl'),
(267, 11273, 1093, 'n', ''),
(268, 11274, 1085, 'n', ''),
(269, 11274, 1085, 'n', ''),
(270, 11274, 1085, 'n', ''),
(271, 11275, 1093, 'n', ''),
(272, 11274, 1085, 'n', ''),
(273, 11275, 1088, 'n', ''),
(274, 11274, 1085, 'n', ''),
(275, 11274, 1085, 'n', ''),
(276, 11276, 1093, 'n', ''),
(277, 11278, 1036, 'n', ''),
(278, 11274, 1085, 'n', ''),
(279, 11274, 1085, 'n', ''),
(280, 11237, 1085, 'y', '7679698246'),
(281, 11282, 1084, 'y', '7680706334'),
(282, 11283, 1036, 'n', ''),
(283, 11173, 1085, 'y', '7680930278'),
(284, 11274, 1085, 'y', '7681881890'),
(285, 11284, 1018, 'n', ''),
(286, 11287, 1030, 'n', ''),
(287, 11108, 1058, 'y', '7685019362'),
(288, 11108, 1089, 'y', '7685019362'),
(289, 11290, 1047, 'n', ''),
(290, 11293, 1082, 'y', '7691627322'),
(291, 11294, 1009, 'n', ''),
(292, 11297, 1085, 'y', '769835342'),
(293, 11298, 1093, 'n', ''),
(294, 11299, 1032, 'n', ''),
(295, 11299, 1036, 'n', ''),
(296, 11300, 1092, 'y', '2896849323'),
(297, 11301, 1034, 'n', ''),
(298, 11303, 1003, 'y', '7696097530'),
(299, 11304, 1085, 'y', '7696456250'),
(300, 11305, 1093, 'y', 'gdhdby'),
(301, 11308, 1034, 'y', '7697005370'),
(302, 11310, 1001, 'y', '7697033190'),
(303, -1, 1008, 'n', ''),
(304, -1, 1010, 'n', ''),
(305, 11312, 1040, 'n', ''),
(306, 11314, 1086, 'n', ''),
(307, 11315, 1084, 'y', '173837388'),
(308, 11316, 1021, 'n', ''),
(309, 11316, 1082, 'n', ''),
(310, 11316, 1086, 'n', ''),
(311, 11317, 1036, 'n', ''),
(312, 11318, 1085, 'y', '7702931578'),
(313, 11319, 1085, 'y', '7703086742'),
(314, 11321, 1085, 'y', '7703250486'),
(315, 11322, 1088, 'n', ''),
(316, 11324, 1028, 'y', '7703310102'),
(317, 11326, 1085, 'y', '7703389910'),
(318, 11327, 1032, 'y', '7703649574'),
(319, 11329, 1085, 'y', '7703729858'),
(320, 11320, 1092, 'y', '7703588810'),
(321, 11330, 1001, 'n', ''),
(322, 11318, 1036, 'n', ''),
(323, 11331, 1027, 'n', ''),
(324, 11331, 1028, 'n', ''),
(325, 11331, 1030, 'n', ''),
(326, 11331, 1046, 'n', ''),
(327, 11331, 1049, 'n', ''),
(328, 11331, 1051, 'n', ''),
(329, 11322, 1088, 'y', '7704807386'),
(330, 11328, 1027, 'n', ''),
(331, 11328, 1046, 'n', ''),
(332, 11328, 1049, 'n', ''),
(333, 11328, 1051, 'n', ''),
(334, 11251, 1036, 'n', ''),
(335, 11327, 1027, 'n', ''),
(336, 11327, 1030, 'n', ''),
(337, 11327, 1046, 'n', ''),
(338, 11327, 1049, 'n', ''),
(339, 11327, 1051, 'n', ''),
(340, 11251, 1036, 'n', ''),
(341, 11334, 1027, 'n', ''),
(342, 11334, 1046, 'n', ''),
(343, 11334, 1049, 'n', ''),
(344, 11334, 1051, 'n', ''),
(345, 11274, 1027, 'n', ''),
(346, 11274, 1046, 'n', ''),
(347, 11274, 1049, 'n', ''),
(348, 11274, 1051, 'n', ''),
(349, 11335, 1032, 'y', '609683'),
(350, 11274, 1030, 'n', ''),
(351, 11337, 1069, 'n', ''),
(352, 11337, 1071, 'n', ''),
(353, 11339, 1068, 'y', '7706382954'),
(354, 11341, 1001, 'y', '7706441738'),
(355, 11342, 1085, 'y', '7707253894'),
(356, 11331, 1044, 'n', ''),
(357, 11343, 1036, 'n', ''),
(358, 11344, 1043, 'y', '9633150988'),
(359, 11345, 1002, 'y', '7708640634'),
(360, 11349, 1093, 'n', ''),
(361, 11350, 1006, 'y', '7712122482'),
(362, 11352, 1001, 'n', ''),
(363, 11352, 1003, 'n', ''),
(364, 11353, 1010, 'n', ''),
(365, 11353, 1008, 'n', ''),
(366, 11354, 1020, 'n', ''),
(367, 11354, 1024, 'n', ''),
(368, 11354, 1027, 'n', ''),
(369, 11354, 1028, 'n', ''),
(370, 11356, 1005, 'y', '7713338434'),
(371, 11357, 1014, 'y', '7713666850'),
(372, 11317, 1085, 'y', '7713728254'),
(373, 11358, 1015, 'n', ''),
(374, 11359, 1068, 'y', '7713788426'),
(375, 11360, 1001, 'n', ''),
(376, 11361, 1084, 'y', '2900436233'),
(377, 11362, 1084, 'y', '2900529440'),
(378, 11363, 1085, 'y', '7691724718'),
(379, 11365, 1080, 'n', ''),
(380, 11365, 1081, 'n', ''),
(381, 11366, 1084, 'y', '2900866583'),
(382, 11368, 1001, 'n', ''),
(383, 11369, 1093, 'y', '7725676374'),
(384, 11370, 1032, 'y', '7725748366'),
(385, 11372, 1093, 'y', '7726236722'),
(386, 11373, 1001, 'n', ''),
(387, 11375, 1040, 'n', ''),
(388, 11375, 1055, 'n', ''),
(389, 11245, 1047, 'n', ''),
(390, 11248, 1047, 'n', ''),
(391, 11376, 1093, 'y', '7727720634'),
(392, 11377, 1079, 'y', '7728426218'),
(393, 11377, 1084, 'y', '7728426218'),
(394, 11378, 1093, 'y', '7728529354'),
(395, 11379, 1036, 'n', ''),
(396, 11380, 1086, 'n', ''),
(397, 11381, 1093, 'n', ''),
(398, 11382, 1084, 'y', '772881166'),
(399, 11383, 1086, 'n', ''),
(400, 11384, 1093, 'y', '7729052950'),
(401, 11385, 1084, 'y', '7729055098'),
(402, 11386, 1093, 'y', '7729205954'),
(403, 11387, 1093, 'n', ''),
(404, 11388, 1086, 'n', ''),
(405, 11389, 1086, 'n', ''),
(406, 11390, 1086, 'n', ''),
(407, 11391, 1086, 'n', ''),
(408, 11392, 1084, 'y', '7729531930'),
(409, 11393, 1086, 'n', ''),
(410, 11394, 1036, 'n', ''),
(411, 11394, 1093, 'n', ''),
(412, 11395, 1086, 'n', ''),
(413, 11396, 1002, 'n', ''),
(414, 11397, 1093, 'y', '7729663188'),
(415, 11398, 1084, 'y', '77297330422'),
(416, 11381, 1093, 'n', ''),
(417, 11399, 1086, 'n', ''),
(418, 11400, 1093, 'n', ''),
(419, 11401, 1086, 'n', ''),
(420, 11402, 1086, 'n', ''),
(421, 11403, 1093, 'n', ''),
(422, 11404, 1093, 'n', ''),
(423, 11405, 1093, 'y', '7730210338'),
(424, 11406, 1001, 'n', ''),
(425, 11406, 1002, 'n', ''),
(426, 11406, 1003, 'n', ''),
(427, 11408, 1093, 'n', ''),
(428, 11409, 1093, 'n', ''),
(429, 11410, 1015, 'n', ''),
(430, 11412, 1043, 'n', ''),
(431, 11407, 1003, 'n', ''),
(432, 11414, 1084, 'y', '7730955078'),
(433, 11415, 1093, 'y', '7730976188'),
(434, 11416, 1086, 'n', ''),
(435, 11417, 1084, 'y', '7731346418'),
(436, 11418, 1093, 'n', ''),
(437, 11419, 1084, 'y', '7731565302'),
(438, 11420, 1043, 'n', ''),
(439, -1, 1084, 'y', '7731713946'),
(440, 11423, 1058, 'n', ''),
(441, 11425, 1093, 'y', '7722952914'),
(442, 11426, 1093, 'n', ''),
(443, 11427, 1093, 'y', '7731754490'),
(444, 11369, 1093, 'y', '7725674782'),
(445, 11428, 1001, 'n', ''),
(446, 11430, 1093, 'n', ''),
(447, 11431, 1001, 'n', ''),
(448, 11432, 1084, 'y', '7732167198'),
(449, 11372, 1093, 'y', '7726235018'),
(450, 11433, 1093, 'n', ''),
(451, 11434, 1084, 'y', '7732424814'),
(452, 11435, 1093, 'n', ''),
(453, 11436, 1055, 'n', ''),
(454, 11437, 1084, 'y', '7732647826'),
(455, 11438, 1030, 'y', '7732656294'),
(456, 11438, 1091, 'y', '7732656294'),
(457, 11440, 1084, 'y', '7732752730'),
(458, 11441, 1084, 'y', '7732842258'),
(459, 11442, 1093, 'n', ''),
(460, 11443, 1084, 'y', '7733188350'),
(461, 11444, 1084, 'y', '7733336414'),
(462, 11445, 1005, 'n', ''),
(463, 11445, 1020, 'n', ''),
(464, 11447, 1093, 'n', ''),
(465, 11448, 1084, 'y', '7733652342'),
(466, 11449, 1001, 'n', ''),
(467, 11450, 1024, 'n', ''),
(468, 11451, 1003, 'y', '7734222846'),
(469, 11452, 1093, 'y', '7734220574'),
(470, 11453, 1001, 'y', '7734256478'),
(471, 11313, 1042, 'n', ''),
(472, 11454, 1042, 'n', ''),
(473, 11456, 1093, 'y', '7734582554'),
(474, 11457, 1093, 'n', ''),
(475, 11454, 1042, 'y', '7735100902'),
(476, 11458, 1084, 'y', '7735101014'),
(477, 11459, 1001, 'n', ''),
(478, 11129, 1075, 'y', '7735151138'),
(479, 11460, 1020, 'y', '7735252690'),
(480, 11461, 1037, 'y', 'Txn ID'),
(481, 11462, 1091, 'y', '7735412010'),
(482, 11463, 1093, 'n', ''),
(483, 11464, 1001, 'n', ''),
(484, 11464, 1003, 'n', ''),
(485, 11464, 1005, 'n', ''),
(486, 11464, 1001, 'n', ''),
(487, 11464, 1003, 'n', ''),
(488, 11465, 1009, 'y', '7735688646'),
(489, 11465, 1023, 'y', '7735688646'),
(490, 11467, 1001, 'n', ''),
(491, 11467, 1003, 'n', ''),
(492, 11468, 1084, 'y', '7735867778'),
(493, 11315, 1084, 'y', '7735931378'),
(494, 11469, 1084, 'y', '7735965838'),
(495, 11471, 1084, 'y', '7735997714'),
(496, 11472, 1082, 'n', ''),
(497, 11373, 1001, 'n', ''),
(498, 11473, 1084, 'y', '7736045586'),
(499, 11474, 1084, 'y', '7736078238'),
(500, 11475, 1084, 'y', '7736102326'),
(501, 11476, 1036, 'n', ''),
(502, 11477, 1021, 'n', ''),
(503, 11479, 1036, 'y', '7736392314'),
(504, 11482, 1008, 'n', ''),
(505, 11482, 1010, 'n', ''),
(506, 11486, 1003, 'n', ''),
(507, 11487, 1003, 'y', '1111111'),
(508, 11484, 1002, 'n', ''),
(509, 11484, 1006, 'n', ''),
(510, 11488, 1001, 'n', ''),
(511, 11490, 1001, 'n', ''),
(512, 11490, 1002, 'n', ''),
(513, 11496, 1017, 'n', ''),
(514, 11496, 1019, 'n', ''),
(515, 11496, 1017, 'n', ''),
(516, 11496, 1019, 'n', ''),
(527, 11002, 1030, 'n', '1000'),
(528, 11002, 1002, 'n', '1000'),
(530, 11003, 1002, 'n', '1000');

-- --------------------------------------------------------

--
-- Table structure for table `event_participants_spot`
--

CREATE TABLE `event_participants_spot` (
  `sno` int(10) NOT NULL,
  `part_id` int(10) NOT NULL,
  `event_id` int(10) NOT NULL,
  `trans_id` varchar(15) NOT NULL,
  `attendance` int(2) NOT NULL DEFAULT '-1'
) ENGINE=InnoDB DEFAULT CHARSET=latin1;

--
-- Dumping data for table `event_participants_spot`
--

INSERT INTO `event_participants_spot` (`sno`, `part_id`, `event_id`, `trans_id`, `attendance`) VALUES
(1, 11002, 1005, '234567', -1),
(2, 11002, 1001, '1000', -1),
(3, 11002, 1016, '1000', -1),
(7, 11002, 1057, '1000', -1),
(8, 11002, 1052, '1000', -1),
(9, 11002, 1001, '1000', -1),
(10, 11003, 1001, '1000', -1);

-- --------------------------------------------------------

--
-- Table structure for table `login`
--

CREATE TABLE `login` (
  `id` int(10) NOT NULL,
  `username` varchar(20) NOT NULL,
  `password` varchar(50) NOT NULL,
  `event_id` int(10) NOT NULL
) ENGINE=InnoDB DEFAULT CHARSET=latin1;

--
-- Dumping data for table `login`
--

INSERT INTO `login` (`id`, `username`, `password`, `event_id`) VALUES
(5001, '1', '1', 1);

-- --------------------------------------------------------

--
-- Table structure for table `participants`
--

CREATE TABLE `participants` (
  `id` int(10) NOT NULL,
  `name` varchar(25) NOT NULL,
  `college` varchar(30) NOT NULL,
  `phone` varchar(15) NOT NULL,
  `gender` char(2) NOT NULL,
  `accommodation` char(2) NOT NULL,
  `email` varchar(40) NOT NULL
) ENGINE=InnoDB DEFAULT CHARSET=latin1;

--
-- Dumping data for table `participants`
--

INSERT INTO `participants` (`id`, `name`, `college`, `phone`, `gender`, `accommodation`, `email`) VALUES
(11001, 'shahulchange', 'tkmcengineer', '09876123411', 'f', '-1', 'sha@g.crrr'),
(11002, 'Jayant Raj Mohwn', '10004', '9072182491', 'm', '3', 'jayantr011@gmail.com'),
(11003, 'Athul Pramod', '10019', '9072172491', 'm', '-1', 'jaymejay220@gmail.com'),
(11004, 'NEETHU ELSA ANIL', '10019', '9495502401', 'f', '-1', 'aniljohn101@gmail.com'),
(11005, 'Fgb', 'Cgbbj', 'Fgbbbjj', 'm', '-1', 'fgvv@cvvb'),
(11006, 'Scf', 'Ddd', 'Ddda', 'm', '-1', 'sfff@dfgg'),
(11007, 'Dds', '@', 'Ascf', 'm', '-1', 'ddccc@fgg'),
(11008, 'Nimisha Scaria', 'Assumption College, Changanach', '9746626400', 'f', '-1', 'nimishascaria@gmail.com'),
(11009, 'AKSHAY RAM P P', 'GEC thrissur', '9946278011', 'm', '0', 'akzayram191@gmail.com'),
(11010, 'GOKUL BIJU', 'N.S.S. COLLEGE OF ENGINEERING ', '9495671681', 'm', '0', 'gokulcreattis@gmail.com'),
(11011, 'PRAVEEN DAS K P', 'N.S.S COLLEGE OF ENGINEERING P', '7736565798', 'm', '-1', 'daspraveen655@gmail.com'),
(11012, 'Meril maria mathew', 'College of architecture Trivan', '86065 94123', 'f', '-1', 'merilmaria96@yahoo.com'),
(11013, 'Madhuraj PK ', 'Pondicherry University ', '8547867160 ', 'm', '0', 'madhurajpk45@gmail.com'),
(11014, 'Sreeraj k warrier', 'Tkm collage of engineering', '9497142829', 'm', '-1', 'sreerajkwarrier@gmail.com'),
(11015, 'Akshay p', 'Tkm collage of engineering', '8594094911', 'm', '-1', 'akshaypcalicut@gmail.com'),
(11016, 'MELVIN MARTIN', 'MBC PEERMADE', '8943215943', 'm', '0', 'melvinvm1998@gmail.com'),
(11017, 'Vivek Rakotu', 'Jawaharlal Nehru Architecture ', '9849342868', 'm', '-1', 'vivek.rakotu_vizag@ymail.com'),
(11018, 'Prabhakaran.E', 'Jawaharlal Nehru Architecture ', '9840100368', 'm', '-1', 'jkbkaran@gmail.com'),
(11019, '\\''', 'asas', '\\''', 'm', '0', '123@456.com'),
(11020, 'Basim Ahammad A K', 'TKM College of Engineering', '9497296368', 'm', '-1', 'basimmaskan@gmail.com'),
(11021, 'ANWAR', 'R.I.T KOTTAYAM', '9567629197', 'm', '-1', 'abdulanwar92@gmail.com'),
(11022, 'ARAVIND', 'R.I.T', '9497342208', 'm', '-1', 'aravindashok@gmail.com'),
(11023, 'Kevin Shaji', 'Model Engineering College, Thr', '+918606565909', 'm', '0', 'kvnshaji@gmail.com'),
(11024, 'Anand A Warrier', 'Model Engineering College, Thr', '+919400891982', 'm', '-1', 'anandawarrier5@gmail.com'),
(11025, '123', '123', '13', 'm', '0', '123@gmail.com'),
(11027, 'qwdeqwd', 'werw', '89', 'm', '0', 'fgds@gmail.com'),
(11028, 'Anandakrishnan.B', 'Scms', '7012044711', 'm', '0', 'fk-2720@scmsgroup.org'),
(11029, 'RUCHI. K', 'SATHYABAMA UNIVERSITY, CHENNAI', '9443135818', 'f', '0', 'ruch.porwal@gmail.com'),
(11030, 'MAHA SWETHA. T', 'SATHYABAMA UNIVERSITY, CHENNAI', '9489503897', 'f', '-1', 'mahaswea@gmail.com'),
(11031, 'Biju Salin', 'College of Applied Science Vad', '9497122938', 'm', '0', 'bijusalin@gmail.com'),
(11032, 'Nivya Mary', 'Kerala Law Academy Law College', '8281908961', 'f', '-1', 'nivyamary96@gmail.com'),
(11033, 'Abÿ Joy', 'ICA', '9567879410', 'm', '-1', 'abyjoy95@gmail.com'),
(11034, 'Alka Mary Jacob', 'Karunya University ', '8124804239', 'f', '-1', 'alka.m.jacob@gmail.com'),
(11035, 'Susmita Suresh', 'Karunya University', '9629867500', 'f', '-1', 'susmitasureshkakkanattu@karunya.edu.in'),
(11036, 'Vyshak mohandas', 'Tkm college ', '8590487836', 'm', '-1', 'write2vyshak@gmail.com'),
(11037, 'Sarath sasidharan', 'College of engineering chengan', '9895631949', 'm', '-1', 'sarath2271997@gmail.com'),
(11038, 'Benjoy C Joy', 'College of Architecture, Triva', '9495988160', 'm', '-1', 'ben10roadrash@gmail.com'),
(11039, 'Giridhar Penubaka', 'NIT Calicut', '8137911221', 'm', '0', 'crew.nitc@gmail.com'),
(11040, 'Kevin Jacob ', 'Karunya University ', '9025648933', 'm', '0', 'kevinjacob@karunya.edu.in'),
(11041, 'V. Madhu Kishore', 'Karunya University ', '8015115814', 'm', '-1', 'vemurimadhukishore@karunya.edu.in'),
(11042, 'athul sreeva', 'zamorians guruvayurappan colle', '9605947716', 'm', '0', 'svathul0@gmail.com'),
(11043, 'Sonu Feroz', 'TKMCE', '9495769773', 'f', '-1', 'sonuferoz265@gmail.com'),
(11044, 'Srichitra S', 'TKMCE', '9447473514', 'f', '-1', 'chitrasri.96@gmail.com'),
(11045, 'VISHNU J', 'BISHOP JEROME SCHOOL OF ARCHIT', '9744219737', 'm', '0', 'ukrcks@gmail.com'),
(11046, 'JACOB JOHAR', 'BISHOP JEROME SCHOOL OF ARCHIT', '7560870899', 'm', '-1', 'jacobjohar28@gmail.com'),
(11047, 'Thomas kevin', 'vidya academy of science and t', '8281189361', 'm', '0', 'thomaskevin1995@gmail.com'),
(11048, 'Anoop k', 'vidya academy of science and t', '8593943878', 'm', '-1', 'anoopnandakumark@gmail.com'),
(11049, 'Vrinda jose', 'Tkmce', '9562310972', 'f', '-1', 'vrinda.331996@gmail.com'),
(11050, 'ABHISHEK VINOD', 'TKM COLLEGE OF ENGINEERING', '7025527271', 'm', '-1', 'abhishekvinod8@gmail.com'),
(11051, 'SHREYA ARORA', 'RV College of Architecture', '9535429137', 'f', '-1', 'shreya181293@gmail.com'),
(11052, 'SHAMNA M', 'College of Enginering, Poonjar', '9633362686', 'f', '0', 'Shamna1795@gmail.com'),
(11053, 'AISHWARYA JAYAN', 'College of Engineering, Poonja', '8714144575', 'f', '-1', 'ash.aiswaryajayan@gmail.com'),
(11054, 'Muhammad Jaisal P P', 'CE Aranmula', '9562573167', 'm', '-1', 'muhammadjaisal96@gmail.com'),
(11055, 'Naveena Mariam Jacob', 'College of Engineering Trivand', '8129834803', 'f', '-1', 'naveenajacob@gmail.com'),
(11056, 'MOHAMMED DILSHAD V M', 'College of Engineering, Poonja', '9562785359', 'm', '0', 'dilshad.vm06@gmail.com'),
(11057, 'NITHIN V', 'College of Engineering, Poonja', '9605653116', 'm', '-1', 'nithinvmavoor@gmail.com'),
(11058, 'Joseph Darryl Gaulbert', 'Siena College of Professional ', '8129889303', 'm', '-1', 'darrylgaulbert@gmail.com'),
(11059, 'MILAN JOSE', 'ERODE SENGUNTHAR ENGINEERING C', '8301006718', 'm', '0', 'mjkomban07@gmail.com'),
(11060, 'EDWIN CHAKKAPPAN', 'ERODE SENGUNTHAR ENGINEERING C', '9496022275', 'm', '-1', 'edwinchakkappan777@gmail.com'),
(11061, 'Hw', 'Gsu', '68', 'm', '0', 'a@gmail.com'),
(11062, 'Abdallah Muhamed Nishtar', 'C.H.M.M.COLLEGE FOR ADVANCED S', '9847740677', 'm', '-1', 'itsabduyaar@gmail.com'),
(11063, 'Akshay Ajith', 'CET', '9995324585', 'm', '-1', 'akajith1704@gmail.com'),
(11064, '', '', '', '', '-1', ''),
(11065, 'Albert William ', 'Jyothi engineering college che', '8289917252 ', 'm', '0', 'midhu1212@gmail.com'),
(11066, 'Akash D', 'CET Trivandrum', '8281685742', 'm', '0', 'akashappu03@gmail.com'),
(11069, 'Sreekutty R', 'Assumption college Changanache', '9605403013', 'f', '-1', 'sreekuttytky878@gmail.com'),
(11070, 'Alfred J Stanley', 'Younus college of engineering ', '9846959014', 'm', '-1', 'alfredj.stanley@yahoo.com'),
(11071, 'Midhun George', 'Tkm college of engineering', '9496034288', 'm', '-1', 'midhungeorge2012@gmail.com'),
(11072, 'Hrishikesh C', 'Tkm college of engineering', '9567049969', 'm', '-1', 'hrishikesh.c97@gmail.com'),
(11073, 'Maker\\''s 46', 'Sathyabama University', '8754724410', 'm', '0', 'dennydrdk@gmail.com'),
(11074, 'Ardra V H', 'CET,tvm', '9495686421', 'f', '-1', 'ardrachess@gmail.com'),
(11075, 'The Wave Theory', 'Govt polytechnic college kotti', '8592849595', 'm', '-1', 'thewavetheorytwt@gmail.com'),
(11076, 'CHARLS SAVO', 'TKMCE', '8129860064', 'm', '-1', 'charlssavo006@gmail.com'),
(11077, 'ANURAJ P', 'TKMCE', '9562698675', 'm', '-1', 'anurajdhinesh@gmail.com'),
(11078, 'DHEERAJ R PRASAD', 'TKMCE', '9496082575', 'm', '-1', 'rp.dhiju@gmail.com'),
(11079, 'Vandana kiran', 'Tkmce', '9495271737', 'f', '-1', 'kiranpreetha4@gmail.com'),
(11080, 'Parvathy Murukesan', 'Tkm college of engineering', '8111867592', 'f', '-1', 'parvathyvmurukesan@gmail.com'),
(11082, 'Nikhila Nelson', 'Tkm college of engineering', '7025135739', 'f', '-1', 'niksnikhila7@gmail.com'),
(11083, 'Abhilash M Nair', 'Gec thrissur', '9746182818', 'm', '0', 'abhilashmn404@gmail.com'),
(11084, 'Nikhil j k', 'Gec Thrissur', '9495978734', 'm', '-1', 'nikhiljk@gmail.com'),
(11085, 'Mridul Mathew Mohan', 'St.Thomas College of Engineeri', '8281611635', 'm', '-1', 'mridulmathewmohan@gmail.com'),
(11086, 'Arun s', 'Christ Nagar College', '9526164806', 'm', '-1', 'arun.s.nair9998@gmail.com'),
(11087, 'Sivaram ', 'Christ Nagar College', '9497112017', 'm', '-1', 's.arun9332@gmail.com'),
(11089, 'Emmanuel Thomas', 'MBCET trivandrum', '7012908263', 'm', '-1', 'ethomasjohn1007@gmail.com'),
(11090, 'Hanna Eldhosr', 'GEC Thrissur', '9447628145', 'f', '0', 'hannaheldhose@gmail.com'),
(11091, 'Aryaman', 'STAS', '7561841497', 'm', '-1', 'nairaryaman@gmail.com'),
(11093, 'Lalith Reshma J', 'LBS Institute of technology fo', '9745757359', 'f', '-1', 'lalithreshmaa@gmail.com'),
(11094, 'Vani Mohan', 'LBS Institute of Technology Fo', '9447387282', 'f', '-1', 'vanimohan331@gmail.com'),
(11095, 'LIBIN THANKACHAN', 'college of engineering adoor', '8086274625', 'm', '-1', 'libint1264@gmail.com'),
(11096, 'Asher Anil Kurian', 'TKMCE', '9562514519', 'm', '-1', 'ashkurian424@gmail.com'),
(11097, 'Abhijith P Manu', 'TKMCE', '8714378051', 'm', '-1', 'abhijithmanu29@gmail.com'),
(11098, 'LEON JOE KOITHARA', 'MODEL ENGINEERING COLLEGE', '08089693892', 'm', '0', 'leon.koithara@gmail.com'),
(11099, 'JIJITH MURALI', 'AMRITA VISHWA VIDYAPEETHAM, AM', '9539061850', 'm', '-1', 'jijith331@gmail.com'),
(11100, 'ANJALI R J', 'Mar Ivanious College, Nalachir', '9605996038', 'f', '-1', 'rjarvind1991@gmail.com'),
(11101, 'Kiran p c', 'College of engineering trikari', '9526604253', 'm', '-1', 'kirannambiarpc@gmail.com'),
(11102, 'Vimal C', 'College of engineering perumon', '9544689533', 'm', '-1', 'Vimal.chithran@gmail.com'),
(11103, 'Anandu Chandran', 'College of Engineering Perumon', '8301822758', 'm', '-1', 'a4ananduchandran@gmail.com'),
(11104, 'Adil sha s', 'Hindhusthan clg of engineering', '7356490417', 'm', '-1', 'adilshinekdl@gmail.com'),
(11105, 'Joel V Zachariah', 'Govt. Model Engineering Colleg', '8281232779', 'm', '-1', 'joelvzach@gmail.com'),
(11106, 'Adheep George Paul', 'Model engineering college', '9526555233', 'm', '-1', 'adheepgeorgepaul@gmail.com'),
(11107, 'Sujith S Nair', 'Marian Engineering College', '9539476179', 'm', '-1', 'sujithnair42@yahoo.com'),
(11108, 'ALLEN T ABRAHAM', 'SAINTGITS COLLEGE OF ENGINEERI', '8281522055', 'm', '-1', 'allent007@gmail.com'),
(11109, 'RENU ABRAHAM', 'SAINTGITS COLLEGE OF ENGINEERI', '8281543401', 'f', '-1', 'renu.kk61@gmail.com'),
(11110, 'Sonu Kumar', 'SOE, CUSAT', '8089539805', 'm', '0', 'sonukr.singh95@gmail.com'),
(11113, 'Neuronz', 'Amrita college of engineering', '9633933196', 'm', '-1', 'Neuronzband@outlook.com'),
(11115, 'NIKHIL S KUMAR', 'COLLEGE OF ENGINEERING ADOOR(C', '8589903923', 'm', '-1', 'nikhilsureshatl@gmail.com'),
(11116, 'Adarsh', 'Hindustan college of engineeri', '9544786001', 'm', '-1', 'adarshullas86@gmail.com'),
(11117, 'Jasim N', 'Hindustan college of engineeri', '8157820783', 'm', '-1', 'jasijass89@gmail.com'),
(11118, 'sonu milton', 'st alberts college ernakulam', '9645549499', 'm', '0', 'krishnadaspmenon12@gmail.com'),
(11119, 'Zaithoon Muhamed Nisthar', 'Younus College of Engineering ', '9656889618', 'f', '-1', 'zaithoon1995@gmail.com'),
(11120, 'SURYA.R.V.', 'SATHAYABAMA UNIVERSITY', '9444867489', 'f', '-1', 'surya.createin@gmail.com'),
(11122, 'ARSHAD AZIM MUHAMMED', 'TKM COLLEGE OF ENGINEERING', '8281960713', 'm', '-1', 'arshad.azim@yahoo.com'),
(11123, 'MUHAMMED SAJID A', 'TKM COLLEGE OF ENGINEERING', '8281689600', 'm', '-1', 'muhammed.sajid62@gmail.com'),
(11124, 'NANDHU .A .R', 'TKMCE', '8281395750', 'm', '-1', 'nandhuar973@gmail.com'),
(11125, 'Loyola Dream Team', 'Loyola College', '7845063785', 'm', '0', 'joecoolguy5@gmail.com'),
(11126, 'Darren', 'Loyola college', '9500039217', 'm', '-1', 'mcphersondarren1996@gmail.com'),
(11127, 'JSJ', 'TKMCE', '9446628320', 'm', '-1', 'mexsym@conjura.in'),
(11128, 'S K KALAIJITH', 'MALABAR COLLEGE OF ENGINEERING', '94567845974', 'm', '-1', 'kalaijith007@gmail.com'),
(11129, 'Sonu Thomas ', 'Saintgits college of engineeri', '9544442193', 'm', '-1', 'sonuthomas313@gmail.com'),
(11130, 'Sonnet sunil ', 'Saintgits college of engineeri', '+91 89 43 41085', 'm', '-1', 'sonnetsunil54@gmail.com'),
(11132, 'Anselmo Linson', 'Nehru College of engineering a', '9447865120', 'm', '-1', 'akhilesh5chandran@gmail.com'),
(11133, 'Amal raj', 'Riet, tvm', '8590879077', 'm', '-1', 'amal.raj093@gmail.com'),
(11134, 'Sandra S', 'Riet, tvm', '8547183472', 'f', '-1', 'Sandrasudarsan123@gmail.com'),
(11135, 'Manu Thomas Mathai ', 'Saintgits college of engineeri', '94 95 100768', 'm', '-1', 'manutmathai@gmail.com'),
(11136, 'Nikhil  Joseph Pious', 'Rajagiri School Of Engineering', '9745211564', 'm', '0', 'pious.nikhil2@gmail.com'),
(11137, 'Asish Damodaran C S', 'TKM COLLEGE OF ENGINEERING ', '8281925106', 'm', '-1', 'asishdamodaran97@gmail.com'),
(11138, 'V', 'C', '123456789', 'm', '-1', 'q@gnail.com'),
(11139, 'Q', 'H', '0987654331', 'm', '-1', 'o@gmail.com'),
(11140, 'Cassandra D\\''Souza', 'Rajagiri School of Engineering', '9947775043', 'f', '-1', 'cassandra.dsouza12345@gmail.com'),
(11141, 'Ria Shaji', 'Lal Bahadur Shastri institute ', '7012628170', 'f', '-1', 'riashaji18@gmail.com'),
(11142, 'BEJON', 'NIL', '9566217843', 'm', '-1', 'bejonkvinod@gmail.com'),
(11143, 'TITTO', 'AMALJYOTHI COLLEGE OF ENGINEER', '8089164515', 'm', '-1', 'syammuralikrishna@gmail.com'),
(11144, 'vaishak', 'nil', '9497583621', 'm', '-1', 'vaishak2k9@gmail.com'),
(11145, 'Aayisha S', 'Cochin college of engineering ', '8943197367', 'f', '-1', 'aayisha987@gmail.com'),
(11146, 'Divya Bharathi M R', 'Cochin college of engineering ', '9567208885', 'f', '-1', 'divyabharathymr@gmail.com'),
(11147, 'sabarinadh', 'nil', '9495463436', 'm', '-1', 'sabarinadh.mg@gmail.com'),
(11151, 'Amal Haridas ', 'Gec Thrissur ', '9744445698 ', 'm', '-1', 'amalharidas4@gmail.com '),
(11153, 'Jyothish P Kumar', 'Saintgits College of engineeri', '9400256297', 'm', '0', 'jpkjpk96@gmail.com'),
(11154, 'Nithin Zachariah Ninan', 'Saintgits College Of Engineeri', '7558905212', 'm', '-1', 'nithinninan@hotmail.com'),
(11155, 'Ditto paul', 'Saintgits college of engineeri', '9048744961', 'm', '-1', 'dittopaul369@gmail.com'),
(11156, 'Ganesh sankar', 'CET', '8281804186', 'm', '-1', 'ssg184199500@yahoo.com'),
(11159, 'Vaishnav M K', 'TKMCE', '9497036231', 'm', '-1', 'vaishnavmk@hotmail.com'),
(11160, 'Rahul Benny', 'TKMCE', '9387936213', 'm', '-1', 'rahulbennyrrb@gmail.com'),
(11161, 'S Akhil', 'TKMCE', '7558955180', 'm', '-1', 'akhilsheeja@gmail.com'),
(11162, 'Tharun.P', 'Aalim Muhammed Salegh Academy ', '+919176263803', 'm', '-1', 'cytee.tharun@gmail.com'),
(11164, 'Anzar Mohammed', 'Ace College of Engineering, Tr', '9562307430', 'm', '0', 'anzar.shereef@acetvm.com'),
(11165, 'milan siraj', 'open', '7356228800', 'm', '-1', 'milansiraj420@gmail.com'),
(11167, 'Rahul Raj R', 'Rajadhani ', '9567323841', 'm', '-1', 'rahulkannan8055@gmail.com'),
(11168, 'Marval Jayan ', 'Rajadhani', '9633394027', 'm', '-1', 'marvalkarthik@gmail.com'),
(11169, 'Akilandeswari', 'Sathyabama university', '9176533983', 'f', '-1', 'Akilamontanakannan@gmail.com'),
(11171, 'Keerthana ', 'Sathaybama  university ', '9962383211', 'f', '-1', 'shesha2808@gmail.com'),
(11173, 'SAHNA ALEX', 'MODEL ENGINEERING COLLEGE  TRI', '8281534810', 'f', '0', 'gouris1070@gmail.com'),
(11174, 'PRANAV MOHAN', 'OPEN', '9567376424', 'm', '-1', 'pranavmohanpktl@gmail.com'),
(11175, 'Nsjjs', 'Sjsjzh', '82836364739', 'f', '0', 'sbsbsg@gmail.com'),
(11176, 'ABNA C AZAD', 'TKM SCHOOL OF ARCHITECTURE', '7558917870', 'f', '-1', 'abnacazad648@gmail.com'),
(11177, 'MOHZIN MUJEEB', 'TKM SCHOOL OF ARCHITECTURE', '9061316505', 'm', '-1', 'mohzinmujeeb54321@gmail.com'),
(11178, 'James prakash', 'Model engineering college', '8547767170', 'm', '0', 'jamesprakash010@gmail.com'),
(11179, 'Aswathy Santhosh Nair ', 'Model Engineering College', '9946300787', 'f', '0', 'cutenoserudie@gmail.com'),
(11180, 'Rhea Mariam Boby', 'Model engineering college ,Thr', '9496619731', 'f', '0', 'rheabobya@gmail.com'),
(11181, 'Ameena Firoz', 'Model engineering college ,thr', '9400244793', 'f', '0', 'ameenakfiroz@gmail.com'),
(11182, 'Arul Maniyan', 'Sathyabama University', '8220741184', 'm', '0', 'arul2129@gmail.com'),
(11183, 'Lathish ', 'Sathyabama University', '8760189642', 'm', '-1', 'lathish17@gmail.com'),
(11184, 'Minaz Manoj', 'College Of Engineering Chengan', '9605839937', 'm', '-1', 'minaz.just4u@gmail.com'),
(11185, 'Aiswarya S Kumar', 'College Of Engineering Chengan', '8129655915', 'f', '-1', 'aiswaryaskumar97@gmail.com'),
(11186, 'S Adwaitha', 'College Of Engineering Chengan', '8113037862', 'f', '-1', 'aduwaitha18@gmail.com'),
(11187, 'Mahima Mariam Kuruvila', 'College Of Engineering', '8304841369', 'f', '-1', 'minaz.manoj994@gmail.com'),
(11189, 'Piya R', 'College Of Engineering Chengan', '9400611407', 'f', '-1', 'priyabubbles349@gmail.com'),
(11190, 'Thenseeha sherin ahmed ', 'MES school of architecture ', '9947775721', 'f', '-1', 'thenseeha202@gmail.com'),
(11191, 'SNEHA TOMY', 'MARIAN ENGINEERING COLLEGE', '7025465150', 'f', '-1', 'snehatom19@gmail.com'),
(11192, 'Sara Leela Samuel', 'College of Engineering,Perumon', '8281912205', 'f', '-1', 'sara.samuel1212@gmail.com'),
(11193, 'Ashwin B Nair', 'Govt. Model Engineering Colleg', '9048362398', 'm', '0', 'ashwin.bala.432@gmail.com'),
(11194, 'ADARSH D', 'TKMCE', '8281546214', 'm', '-1', 'adarsh@digievo.in'),
(11195, 'Rohan Ajith ', 'Model Engineering College', '9048333263', 'm', '-1', 'rohanajith5090@gmail.com'),
(11196, 'V Shriram ', 'Model Engineering College', '9496427559', 'm', '-1', 'shriramvenugopal123@gmail.com'),
(11197, 'Feba M Mathew', 'TKM College of Engineering ', '8281962425', 'f', '-1', 'febamary96@gmail.com'),
(11198, 'Noel Toms', 'Govt.RIT Kottayam', '9497666619', 'm', '-1', 'noeltoms59@gmail.com'),
(11199, 'Ashik Ameer', 'Model Engineering College , Th', '9447107419', 'm', '0', 'ashikameer100@gmail.com'),
(11200, 'Bindya Bhaskaran', 'Govt model engineering college', '9400142492', 'f', '0', 'bindya.bhaskaran1997@gmail.com'),
(11201, 'DIYA LIZA VARGHESE', 'MODEL ENGINEERING COLLEGE', '9048819638', 'f', '0', 'diyaliza16@gmail.com'),
(11202, 'Cyan francis', 'Dayananda Sagar college', '7356681934', 'f', '-1', 'cyanfrancis@gmail.com'),
(11203, 'Roniya', 'Government school of architect', '7760296226', 'f', '-1', 'cy.ar012@gmail.com'),
(11204, 'Vishnu R Mohan', 'Mar Ivanios College Trivandrum', '9746667317', 'm', '-1', 'vrmlive@gmail.com'),
(11205, 'Sachin Karthik', 'Mar Ivanios College Trivandrum', '97469 97332', 'm', '-1', 'Bboyrico1994@gmail.com'),
(11206, 'Bhairavi Sameer Shah', 'Govt. Model Engineering Colleg', '9061344877', 'f', '0', 'shahbhairavi2008@gmail.com'),
(11207, 'Edwin kj', 'Christ college ', '9605403230', 'm', '-1', 'edwinkjoji@gmail.com'),
(11208, 'SWATHI K', 'TKMCE KOLLAM', '9946826846', 'f', '-1', 'swathinilambur@gmail.com'),
(11209, 'AISWARYA C', 'NATIONAL INSTITUTE OF TECHNOLO', '8281430681', 'f', '0', 'ammushogwarts777111@gmail.com'),
(11210, 'AKSHAY SUBASH', 'TKMCE', '8089901377', 'm', '-1', 'akshaysubashrocks@gmail.com'),
(11211, 'Naveen George Koshy', 'Mar Baselios college of engine', '9037564427', 'm', '-1', 'naveengk96@gmail.com'),
(11212, 'THARIK ANWAR', 'Government Model Engineering C', '9947497430', 'm', '0', 'tharikvn@gmail.com'),
(11213, 'asif muhammed', 'vjcet', '9747380073', 'm', '0', 'asifmuhammedm756@gmail.com'),
(11215, 'Nithin Suresh', 'Model Engineering College , Th', '8281242079', 'm', '0', 'nithinsuresh41@gmail.com'),
(11216, 'ANSON A ATHIKALAM', 'ST STEPHENS COLLEGE,NEW DELHI', '9605653446', 'm', '-1', 'theanson1@gmail.com'),
(11218, 'DARSHAN K', 'NIL', '9446653763', 'm', '-1', 'darshukurikalot@gmail.com'),
(11221, 'KAVYA K NAIR', 'NIT CALICUT', '7736883305', 'f', '-1', 'kavyavenugopal011@yahoo.in'),
(11222, 'ABIN SAJI', 'RIT, KOTTAYAM', '8547163195', 'm', '-1', 'abinsaji5@gmail.con'),
(11224, 'dsasa', 'sadas', '9446871997', 'm', '-1', 'asdas@gmail.com'),
(11225, '51', 'dasd@gmail.com', 'dsaas', 'm', '-1', 'dsaa@gmail.com'),
(11226, 'adssa', 'assad', '665656565', 'm', '-1', 'llsad@asd.com'),
(11227, 'jdaskd', 'adsasd', '656565', 'm', '-1', 'afssad@gmail.com'),
(11230, 'Abin saji', 'Rit, kottayam', '8547163295', 'm', '-1', 'abinsaji5@gmail.com'),
(11231, 'Tino Max Thayil', 'Model Engineering College,Thri', '8590344241', 'm', '0', 'tinothayil@gmail.com'),
(11232, 'Shysal Khan A.', 'Tkm College Of Engineering', '9496804044', 'm', '-1', 'shysal17101996@gmail.com'),
(11233, 'Cino Babu', 'Viswajothy College of Engineer', '9947199289', 'm', '-1', 'cinobabup97@gmail.com'),
(11235, 'Abraham George', 'Viswajothy College of Engineer', '9526917240', 'm', '-1', 'abgmonly@gmail.com'),
(11237, 'Maria K Mattappally', 'Model Engineering college Thri', '8281748031', 'f', '0', 'maria.ken.mtm@gmail.com'),
(11238, 'Amos Emmanuel', 'TKMCE', '9072860030', 'm', '-1', 'amosmaliakal@gmail.com'),
(11239, 'Thomas Nevin K ', 'Tkmce', '8714414525', 'm', '-1', 'thomasnevink@gmail.com'),
(11240, 'BIFIN JOHNS MT', 'T.K.M COLLEGE OF ENGINEERING', '8289814043', 'm', '-1', 'bifinjohns@gmail.com'),
(11241, 'mohammed ijas m', 'T.K.M COLLEGE OF ENGINEERING', '9567016262', 'm', '-1', 'ijaszzhere@gmail.com'),
(11242, 'Gopika Koranath', 'CET', '9526161922', 'f', '-1', 'gopika26196@gmail.com'),
(11243, 'AdhilSha N', 'ACE College of Engineering', '9447788244', 'm', '-1', 'adhilsha303@gmail.com'),
(11244, 'Mathew Joseph', 'TKM COLLEGE OF  ENGINEERING', '9544900001', 'm', '-1', 'mathewjoskay@gmail.com'),
(11245, 'Aneetta Merin Thomas', 'Rajiv Gandhi Institute of Tech', '7559052763', 'f', '0', 'aneettamerinthomas@gmail.com'),
(11246, 'AKSHAY SHAJI', 'COLLEGE OF ENGINEERING,CHERTHA', '8943174407', 'm', '0', 'akshayshaji23@gmail.com'),
(11247, 'Anandu Shakumar', 'Sree Narayana college Kollam', '9895842814', 'm', '-1', 'anandushaask@gmail.com'),
(11248, 'Aswathy S', 'Rajiv Gandhi Institute of Tech', '9497093211', 'f', '-1', 'saswathy97@gmail.com'),
(11249, 'Sophus Stein George', 'Govt. Model Engineering Colleg', '9447827433', 'm', '0', 'sophusstein@gmail.com'),
(11250, 'NoOne', 'Random College', '999999999', 'm', '0', 'randomid@gmail.com'),
(11251, 'Hashrin C P', 'TKMCE', '8547509839', 'm', '-1', 'ashucp@gmail.com'),
(11252, 'Nandana vs', 'Federal institute of science a', '9072966052', 'f', '-1', 'nandanasuresh333@gmail.com'),
(11253, 'krishnapriya s', 'Federal institute of science a', '9349255632', 'f', '-1', 'panchathmatrasayaka@gmail.com'),
(11254, 'Anjana Ponnu Jacob', 'College of Engineering, Chenga', '9605158017', 'f', '-1', 'ajacobasn@gmail.com'),
(11255, 'Reshma Mariam Varghese', 'College of Engineering, Chenga', '9446716363', 'f', '-1', 'dewdrops1996@gmail.com'),
(11257, 'Sebin Sabu', 'TKM College of Engineering', '9400562439', 'm', '0', 'sebinsabu08@gmail.com'),
(11260, 'ATHIRA SIVADAS', 'RAJAGIRI SCHOOL OF ENGINEERING', '9072211086', 'f', '0', 'sivamathira@yahoo.com'),
(11261, 'Sarath M.', 'Adi Shankara Institute of Engi', '8606733015', 'm', '-1', 'sarathmanu650@gmail.com'),
(11262, 'Atheena J.P.', 'Mar Baselios College of Engine', '7025211072', 'f', '-1', 'atheenajo@gmail.com'),
(11263, 'Kuriakose Eldho', 'Model engineering college', '7558991555', 'm', '0', 'kuriakose.el@gmail.com'),
(11264, 'Jeswin Vinod', 'R.I.T pampady', '8281184873', 'm', '-1', 'jesvinod100@gmail.com'),
(11265, 'ABHISHEK O S', 'UKF COLLEGE OF ENGINEERING AND', '8113077124', 'm', '-1', 'abhiabhishek021@gmail.com'),
(11266, 'abik ', 'christ college of engineering', '9656850925', 'm', '-1', 'abikabid@yahoo.com'),
(11267, 'SREERAG PV', 'NEHRU COLLEGE OF ENGINEERING A', '9048778888', 'm', '0', 'sreerag.vijayakumar8@gmail.com'),
(11268, 'SREEJITH VK', 'NEHRU COLLEGE OF ENGINEERING A', '9562350679', 'm', '0', 'sreejithvk956@gmail.com'),
(11269, 'SREERAG AG', 'NEHRU COLLEGE OF ENGINEERING A', '9544804100', 'm', '0', 'sreeragag7@gmail.com'),
(11270, 'Ahmed farooque', 'School of engineering ,cusat', '9539071557', 'm', '0', 'farooque007.ahmed@gmail.com'),
(11271, 'SREEKANTH J MARAR', 'NEHRU COLLEGE OF ENGINEERING A', '9605650039', 'm', '0', 'sreemarar@gmail.com'),
(11272, 'arjun', 'sdf', '2323232323', 'm', '-1', 'sadf@ads'),
(11273, 'DHEERAJ VK', 'NEHRU COLLEGE OF ENGINEERING A', '9495628008', 'm', '0', 'vkdheeraj02@gmail.com'),
(11274, 'Bharath Raj R', 'Model Engineering college Thri', '9544341764', 'm', '0', 'bharathraj567567@gmail.com'),
(11275, 'Nived . N', 'T.K.M COLLEGE OF ENGINEERING, ', '9526665825', 'm', '-1', 'nived00015@gmail.com'),
(11276, 'ARJUN P', 'NEHRU COLLEGE OF ENGINEERING A', '9495688294', 'm', '0', 'arjunparjun1997@gmail.com'),
(11278, 'Mohammed Felsi s', 'UKFCET', '9895216425', 'm', '-1', 'imfelsi@gmail.com'),
(11279, 'mohamed rafeeq N', 'Royal CET thrissur', '8113975489', 'm', '0', 'rafeeqroxen@gmail.com'),
(11281, 'Arjun R', 'PRS College Of Engineering ', '9567701995', 'm', '0', 'arjunrpillai777@gmail.com'),
(11282, 'Nilammudeen', 'Mar Baselios College Of Engine', '7012558895', 'm', '0', 'nilammudeen1011@gmail.com'),
(11283, 'sarath babu', 'college of engineering perumon', '8606837332', 'm', '-1', 'sarathsasikala96@gmail.com'),
(11284, 'Daya Abraham', 'Tkmce', '9495301838', 'f', '-1', 'daya.abraham.tvm@gmail.com'),
(11285, 'Muhammed salih', 'TKMCE', '9207616460', 'm', '-1', 'kilayilsalih007@gmail.com'),
(11287, 'Divya P Ajit', 'Rajiv Gandhi institute of tech', '7356871443', 'f', '-1', 'divyapajit@gmail.com'),
(11288, 'Geethu S', 'Rajiv Gandhi institute of tech', '9745970012', 'f', '-1', 'geethus298@gmail.com'),
(11289, 'Priyanka prabhakaran', 'Rajagiri college of management', '7025639632', 'f', '-1', 'priya96nov@gmail.com'),
(11290, 'JOTHISH V DEV ', 'College of engineering Perumon', '9847368475', 'm', '-1', 'j4jothish@gmail.com'),
(11291, 'Amal Markose', 'TKMCE', '8089150084', 'm', '-1', 'amalmarkosevt@gmail.com'),
(11293, 'Vishruth V.v', 'Vivekananda college of enginee', '08762600948', 'm', '-1', 'vvvishruth@gmail.com'),
(11294, 'Neeraj S', 'TKM Institute Of Technology', '8590101432', 'm', '-1', 'plstrikers@gmail.com'),
(11296, 'Nithin K Raj', 'TkM Institute Of Technology', '+91 94973 34800', 'm', '-1', 'nithinlz@gmail.com'),
(11297, 'Gouri PP', 'TKM College of Engineering ', '7561820312', 'f', '-1', '2015gouripp@gmail.com'),
(11298, 'AJITH K A', 'NEHRU GROUP OF ENGINEERING AND', '8714504555', 'm', '0', 'ajiaru26@gmail.com'),
(11299, 'Naveen giri', 'Toch institute of science and ', '9995205370', 'm', '-1', 'naveengiri1998@gmail.com'),
(11300, 'ASIF C JAFER', 'TKM COLLEGE OF ENGINEERING', '9495071275', 'm', '-1', 'asifcj97@gmail.com'),
(11301, 'SYAM SANKAR', 'TKMCE ', '7025388871', 'm', '-1', 'syamsankar0007@gmail.com'),
(11302, 'ARJUN PRAKASH', 'TKMCE', '8089800818', 'm', '-1', 'arjunprakash948@gmail.com'),
(11303, 'Alen John', 'Saint Gits College of Engineer', '7560882923', 'm', '-1', 'alenleny729@gmail.com'),
(11304, 'Gayathri S Pillai', 'T K M College of Engineering,K', '9447138347', 'f', '-1', 'haripadsuresh@gmail.com'),
(11305, 'KIRAN S', 'SREEBUDDHA  COLLEGE OF ENGINEE', '8281823056', 'm', '-1', 'kiransmangalath@gmail.com'),
(11306, 'Mohd Zameel', 'TKMCE', '9207104627', 'm', '-1', 'mohamedzameel333@gmail.com'),
(11308, 'NIHAL K', 'TKM COLLEGE OF ENGINEERING', '9496989001', 'm', '-1', 'nihalkarappath@gmail.com'),
(11309, 'AKSHAY RAMESH', 'TKM COLLEGE OF ENGINEERING', '8281919302', 'm', '-1', 'akshayramesh893@gmail.com'),
(11310, 'Vishnu D', 'Amaljyothi collage of engineer', '8606197360', 'm', '-1', 'vishnuneelamana5@gmail.com'),
(11311, 'ANJALI R J', 'Mar Ivanious College, Nalachir', '9605996038, 903', 'f', '-1', 'anjalirjpillai@gmail.com'),
(11312, 'Rishabh k', 'TKMCE', '9447718122', 'm', '-1', 'rishabhk973@gmail.com'),
(11313, 'Viswanath R V', 'Tkmce', '9400627962', 'm', '-1', 'kiran.rv3897@gmail.com'),
(11314, 'VISHNUDATHA V', 'FISAT ANGAMALI', '8281718812', 'f', '-1', 'vishnudathav@gmail.com'),
(11315, 'akhilashok', 'kvm ce and it', '9526266604', 'm', '-1', 'akhilashok405@gmail.com'),
(11316, 'AGRIMA SOORYA C. ANIL', 'TKM COLLEGE OF ENGINEERING', '9446032510', 'm', '-1', 'soorya1st@gmail.com'),
(11317, 'VYSAKH K', 'perumon collage of engineering', '9037687276', 'm', '-1', 'sasikumar.sarojini@gmail.com'),
(11318, 'Aswin S', 'College of Engineering Perumon', '9400828501', 'm', '-1', 'aswin379@gmail.com'),
(11319, 'Subin Joseph', 'College of Engineering Perumon', '9496236802', 'm', '-1', 'subinjosephn@gmail.com'),
(11320, 'Rohith', 'M', '9446505173', 'm', '-1', 'rohith71995@gmail.com'),
(11321, 'Sanjai Steve Stanly', 'College of Engineering Perumon', '8281288579', 'm', '-1', 'sanjaistanly@gmail.com'),
(11322, 'Sudish V', 'Jawaharlal College of Engineer', '9947519650', 'm', '0', 'sudishv98@gmail.com'),
(11323, 'Sachin E L', 'Jawaharlal College of Engineer', '9497770081', 'm', '-1', 'geevargheseemmaty@gmail.com'),
(11324, 'Ananya Nair ', 'Govt. Model Engineering Colleg', '9544885061', 'f', '0', 'maluthearchitect@gmail.com'),
(11325, 'Hrithik Hiran ', 'Govt. Model Engineering Colleg', '9869636300', 'm', '-1', 'hrithikhiran@gmail.com'),
(11326, 'Muneera Mol MV', 'College of Engineering Perumon', '9526398411', 'f', '-1', 'muneeramolmv@gmail.com'),
(11327, 'Vishnu CV', 'Model engineering college ', '9495978187', 'm', '-1', 'vishnucvinod@gmail.com'),
(11328, 'Ganesh biju', 'Model engineering college', '8281482664', 'm', '-1', 'ganeshbiju1998@gmail.com'),
(11329, 'Buby Babu', 'College of Engineering Perumon', '8086596849', 'f', '-1', 'bubysuresh10@gmail.com'),
(11330, 'Aa', 'Sheb', '8472719462', 'm', '-1', 'gavs@gmail.com'),
(11331, 'AJIN M SAJI', 'MODEL ENGINEERING COLLEGE,THRI', '9207588017', 'm', '0', 'ajinm1998@gmail.com'),
(11332, 'Salman N S', 'Jawaharlal College of Engineer', '8592992345', 'm', '-1', 'fasil2401@gmail.com'),
(11334, 'THOMAS PETER', 'MODEL ENGINEERING COLLEGE,THRI', '8547245170', 'm', '-1', 'taradas10bc@gmail.com'),
(11335, 'Ajmal A', 'Cochin college of engineering ', '8891714746', 'm', '-1', 'ajmalmsdcr@gmail.com'),
(11336, 'Amal Polachan', 'Cochin college of engineering ', '8157837306', 'm', '-1', 'ajmalmsdcr@outlook.com'),
(11337, 'Mohamed Hafiz Nizar ', 'TKMCE', '9072960090 ', 'm', '-1', 'hafiznizar1@gmail.com'),
(11338, 'Adith Narayanan ', 'TKMCE', '8547433529', 'm', '-1', 'adith7000@gmail.com'),
(11339, 'Ponhariharan S', 'Karunya University ', '9159466884', 'm', '0', 'ponhariharans@karunya.edu.in'),
(11340, 'Jisha Mary Daniel ', 'Karunya University ', '8122029153', 'f', '-1', 'jishamarydaniel@karunya.edu.in'),
(11341, 'Rohan David Manoj', 'Amal Jyothi College of Enginee', '9400132347', 'm', '-1', 'rohan11manoj@gmail.com'),
(11342, 'Ramya.M', 'TKM College of Engineering,Kol', '9567567802', 'f', '-1', 'remya1398@gmail.com'),
(11343, 's.sukesh kumar', 'pmsa college ', '9496269049', 'm', '0', 'sukeshjnv@yahoo.com'),
(11344, 'Sooraj s', 'Bishop Jerome institute', '9495917438', 'm', '-1', 'soorej.sethu@gmail.com'),
(11345, 'Jithin T jayan', 'Saintgits collage of engineeri', '9656887153', 'm', '-1', 'jithinjayangeorge@gmail.com'),
(11349, 'NEERAJ KUMAR P', 'tkmce', '8113877562', 'm', '-1', 'nk8929@gmail.com'),
(11350, 'Sarath Chandran', 'Rajagiri school of engineering', '9447546936', 'm', '-1', 'sarath4021@gmail.com'),
(11351, 'Vishal T V', 'Rajagiri school of engineering', '8129033840', 'm', '-1', 'vishaltvdirector@gmail.com'),
(11352, 'Renso Roy', 'Believers church caarmel engin', '9048423739', 'm', '-1', 'rensoroy98@gmail.com'),
(11353, 'shiddharth', 'Nandha Engineering College', '8438310070', 'm', '0', 'shiddharthcs@gmail.com'),
(11354, 'Libin Thomas', 'Believers Church Caarmel Engin', '9747740824', 'm', '-1', 'libinthomas152@gmail.com'),
(11355, 'JOEL JAMES N', 'GEC-THRISSUR', '9400614343', 'm', '-1', 'joeljamesjn@gmail.com'),
(11356, 'Nijin Varghese', 'TKMCE', '7561092994', 'm', '-1', 'nijinvarghesenv@gmail.com'),
(11357, 'Kailas R J', 'Mar Baselios College, Trivandr', '9496419585', 'm', '-1', 'getleksh@gmail.com'),
(11358, 'Saira Philip', 'Amal Jyothi College of Enginee', '8301886320', 'f', '-1', 'sairaphilip97@gmail.com'),
(11359, 'Rajaswini Patra', 'Karunya University', '9486890184', 'f', '0', 'rajaswinipatra66@gmail.com'),
(11360, 'Shijo g mathew', 'Hindustan college of engineeri', '9061694901', 'm', '-1', 'mayakannansurendran@gmail.com'),
(11361, 'Anjana V Gangadharan', 'Government college of engineer', '8547545127', 'f', '0', 'anjanavg29@gmail.com'),
(11362, 'ARYA M P', 'Govt college of engineering ka', '8943542496', 'f', '0', 'mparya1001@gmail.com'),
(11363, 'Akhila George', 'Rajagiri School Of Engineering', '9497202326', 'f', '0', 'akhila189997@gmail.com'),
(11365, 'Nikhil GS', 'UNIVERSITY COLLEGE TVM', '9995307740', 'm', '-1', 'nikhilfighter.10@gmail.com'),
(11366, 'SHAMNASA VP', 'Goverenment college of enginee', '9526340303', 'f', '0', 'shamnavp98@gmail.com'),
(11368, 'Sreejith P S', 'College of engineering kalloop', '9526919954', 'm', '-1', 'shagilok01@gmail.com'),
(11369, 'Nipul Jose', 'Rajagiri school of engineering', '73 56 478069', 'm', '0', 'nipul10jose@gmail.com'),
(11370, 'Jagan S', 'Cochin college of engineering ', '9567942787', 'm', '-1', 'jaganksurendran007@gmail.com'),
(11371, 'Ajay kuriakose', 'Cochin college of engineering ', '9544577151', 'm', '-1', 'ajaykuriakose001@gmail.com'),
(11372, 'Rohan Rajeev', 'Rajagiri school of engineering', '96 33 123439', 'm', '-1', 'rohan.rjv97@gmail.com'),
(11373, 'Jesbin Thomas', 'Vimaljyothi', '9645332963', 'm', '-1', 'jesbinthomas111@gmail.com'),
(11375, 'Aravind M', 'TKMCE', '8129157891', 'm', '-1', 'amn.chromeoz123@gmail.com'),
(11376, 'Sourav Prakash K', 'NORTH MALABAR INSTITUTE OF TEC', '9562260829', 'm', '0', 'souravprakashk12@gmail.com'),
(11377, 'ASHIK S', 'Nss collage of engineering ', '8289853692', 'm', '0', 'ashik00036@gmail.com'),
(11378, 'Daniel Edward', 'NORTH MALABAR INSTITUTE OF TEC', '9495763900', 'm', '0', 'danieledwardomartinohenery@gmai'),
(11379, 'Akshay M', 'TKM College of Engineering', '7736791585', 'm', '-1', 'akshayknr7@gmail.com'),
(11380, 'Priyanka Prakash', 'Muthoot institute of technolog', '7025645726', 'f', '-1', 'priyankaprakash.pp3@gmail.com'),
(11381, 'ASWINRAJ T V', 'VIMAL JYOTHI ENGINEERING COLLE', '9495417803', 'm', '0', 'aswiniritty@gmail.com'),
(11382, 'KALYANI RAJENDRAN', 'NSS COLLAGE OF ENGINEERING', '9605341845', 'm', '0', 'kalyanirajendran7@gmail.com'),
(11383, 'Anjana R', 'Muthoot Institute of Technolog', '7356483839', 'f', '-1', 'anjana7anz@gmail.com'),
(11384, 'Adarsh K V', 'NORTH MALABAR INSTITUTE OF TEC', '9495601731', 'm', '0', 'Adarshkoval@gmail.com'),
(11385, 'MEENAKSHI.S', 'NSS COLLAGE OF ENGINEERING', '9747536344', 'f', '0', 'meenakshismohan@gmail.com'),
(11386, 'PAUL VARGHESE PYNADATH', 'RAJAGIRI SCHOOL  OF ENGINEERIN', '9061976219', 'm', '-1', 'Paulvarghese342@gmail.com'),
(11387, 'M S Vivek Anand', 'TKM college of engineering', '8606146864', 'm', '-1', 'vivek1anand2@gmail.com'),
(11388, 'Ann Mary Babu', 'Muthoot Institute of Technolog', '9544898798', 'f', '-1', 'annbabu16@gmail.com'),
(11389, 'Jincy S Tomy', 'Muthoot Institute of Technolog', '9847163902', 'f', '-1', 'jincystomy@gmail.com'),
(11390, 'Anusree S', 'Muthoot Institute of Technolog', '7561833033', 'f', '-1', 'anusreesudhir@gmail.com'),
(11391, 'Vani Krishna P S', 'Muthoot Institute of Technolog', '9495623990', 'f', '-1', 'vanikrishnaps@gmail.com'),
(11392, 'ANNA BASIL JOSE', 'NSS COLLAGE OF ENGINEERING', '9744384146', 'f', '-1', 'annabasiljose@gmail.com'),
(11393, 'Varsha R', 'Muthoot Institute of Technolog', '9539308945', 'f', '-1', 'varsharaghu1998@gmail.com'),
(11394, 'Mahesh M', 'Model Engineering College Thri', '9447395022', 'm', '0', 'maheshm100309@gmail.com'),
(11395, 'Dona Maria Augustin ', 'Muthoot Institute of Technolog', '9495525726', 'f', '-1', 'donamaria248@gmail.com'),
(11396, 'THUDITHAALAM', 'Vidya academy of science and t', '8606111731', 'm', '-1', 'abhijith14071997@gmail.com'),
(11397, 'Abhinkrishna AR', 'North Malabar Institute Of Tec', '9495634188', 'm', '0', 'abhinkrishnaabi@gmail.com'),
(11398, 'adwaitha raj', 'nss collage of engineering', '9645994037', 'f', '-1', 'adwaitharaj2015@gmail.com'),
(11399, 'Sandra Kunjumone', 'Muthoot Institute of Technolog', '7559043485', 'f', '-1', 'anuti4anjana@gmail.com'),
(11400, 'Anush George', 'TKM COLLEGE OF ENGINEERING', '9497673231', 'm', '-1', 'orkatte@gmail.com'),
(11401, 'Amrutha AA', 'Muthoot Institute of Technolog', '9747706726', 'f', '-1', 'amruthaalattu@gmail.com'),
(11402, 'Nimisha E R', 'Muthoot Institute of Technolog', '9495796008', 'f', '-1', 'nimishaer123@gmail.com'),
(11403, 'JIMSON P S', 'VIMAL JYOTHI ENGINEERING COLLE', '7034996847', 'm', '0', 'jimsonps2015@gmail.com'),
(11404, 'AMALDEEP C', 'VIMAL JYOTHI ENGINEERING COLLE', '9496861594', 'm', '0', 'amaldeepiritty@gmail.com'),
(11405, 'Mithun P', 'North Malabar Institute Of Tec', '7560923184', 'm', '0', 'Mithunkalliot5@gmail.com'),
(11406, 'Suraj S Nair', 'TOC-H ISTITUTE OF SCIENCE AND ', '9446056921', 'm', '0', 'suraj1997.nair@gmail.com'),
(11407, 'Ansel Mathew Francis', 'TOC H INSTITUTE OF SCIENCE AND', '8547251258', 'm', '-1', 'Ansel1997@gmail.com'),
(11408, 'VIVEK M K', 'VIMAL JYOTHI ENGINEERING COLLE', '8281784677', 'm', '0', 'vivekmkvivi@gmail.com'),
(11409, 'JASIN MURALI J', 'VIMAL JYOTHI ENGINEERING COLLE', '9747875705', 'm', '0', 'jasinj123@gmail.com'),
(11410, 'AMITH C MOHANAN', 'MANGALAM COLLEGE OF ENGINEERIN', '9995831228', 'm', '0', 'amithcmohan@gmail.com'),
(11411, 'MUHAMMED FAZIL', 'MANGALAM COLLEGE OF ENGINEERIN', '9048580082', 'm', '-1', 'muhammed.fazil399@gmail.com'),
(11412, 'Rahul Scaria', 'TKMCE', '9446431115', 'm', '-1', 'buzyholics@gmail.com'),
(11413, 'Abhilash P A', 'TKMCE', '9946448946', 'm', '-1', 'abhilashpa252@gmail.com'),
(11414, 'gokul v ram', 'nss collage of engineering', '9496845280', 'm', '-1', 'gokul.vram@yahoo.in'),
(11415, 'Akash A V', 'North Malabar Institute Of Tec', '9746675812', 'm', '0', 'akashav39@gmail.com'),
(11416, 'Mathew Manoj ', 'Muthoott institute of science ', '9387504771', 'm', '-1', 'mathewmanoj1998@gmail.com'),
(11417, 'ATHIRA SAIGIRI', 'NSS COLLAGE OF ENGINEERING', '9746304696', 'f', '-1', 'athirasaigiri@gmail.com'),
(11418, 'sulav kafle', 'tkmce', '8590243625', 'm', '-1', 'kaflesulav3@gmail.com'),
(11419, 'Ananthu palayat ', 'Nss college of engineering ', '8281810551', 'm', '-1', 'ananthupalayat85@gmail.com'),
(11420, 'SANAL K N', 'TKMCE , KOLLAM', '8943918090', 'm', '-1', 'sanalappu1@gmail.com'),
(11421, 'TEFFIN WILSON C', 'TKMCE , KOLLAM', '7356004760', 'm', '-1', 'teffinwilson@gmail.com'),
(11422, 'Meera Harihar', 'NSS college of engineering ', ' +91 82810 7312', 'f', '-1', 'meeraharihar@gmail.com'),
(11423, 'KEERTHI V', 'TKM COLLEGE OF ENGINEERING', '8281992530', 'f', '-1', 'nihon753@gmail.com'),
(11424, 'Ashmy Achu Shinu', 'TKM COLLEGE OF ENGINEERING', '+91 90612 25025', 'f', '-1', 'ashmy.asmetta@gmail.com'),
(11425, 'Nirmal Nandakumar', 'Rajagiri school of engineering', '7559853317', 'm', '0', 'nirmalnsn4@gmail.com'),
(11426, 'K S JUNAID MATHER', 'ADI SHANKARA INSTITUTE OF ENGI', '9400880399', 'm', '0', 'junaidmather@gmail.com'),
(11427, 'SREEHARI C R', 'NORTH MALABAR INSTITUTE OF TEC', '9495495792', 'm', '0', 'harisreeatten369@gmail.com'),
(11428, 'Bharat Sajikumar', 'Saintgits College Of Engineeri', '9495454831', 'm', '-1', 'bharathsajikumar@gmail.com'),
(11430, 'AKSHAY PJ', 'ADI SHANKARA INSTITUTE OF ENGI', '9495841510', 'm', '0', 'talktopj@outlook.com'),
(11431, 'sreehari jayakumar', 'st joseph college of engineeri', '9747232968', 'm', '-1', 'sharijayakumar007@gmail.com'),
(11432, 'Anjitha A', 'Nss college of engineering ', '8590747466', 'f', '-1', 'anjithaa1999@gmail.com'),
(11433, 'ARUN MATHEW', 'VIMAL JYOTHI ENGINEERING COLLE', '9497387030', 'm', '-1', 'arunmathewpulickan@gmail.com'),
(11434, 'Anoop Benzier F', 'Blessymol simon', '9995382479', 'f', '-1', 'roseblessy6@gmail.com'),
(11435, 'KIRAN MATHEW', 'VIMAL JYOTHI ENGINEERING COLLE', '9497387031', 'm', '0', 'kiranmathewpulickan@gmail.com'),
(11436, 'JILJO K MONCY', 'IIST', '9446589586', 'm', '-1', 'jkmoncy@gmail.com'),
(11437, 'Nikhil Nelson', 'Nss college of engineering ', '7994390215', 'm', '-1', 'nikhilnelson47@gmail.com'),
(11438, 'ADITYA A RAJAN ', 'TKMCE', '8111964866', 'm', '-1', 'adityaarajan@gmail.com'),
(11439, 'MOHAMMED SHAN H', 'Tkmce', '9605493551', 'm', '-1', 'adityarajan19@yahoo.com'),
(11440, 'Anju mol k m', 'Nss college of engineering', '9847687642', 'f', '-1', 'anjukmadhu9847@gmail.com'),
(11441, 'Saranya T S', 'NSS college of engineering pal', '8156886291', 'f', '-1', 'saranyats999@gmail.com'),
(11442, 'Sayuj jayadev', 'TKMCE', '9400604321', 'm', '-1', 'sayujjayadev@gmail.com'),
(11443, 'Sruthi sivan k', 'Nss college of engineering', '7510950302', 'f', '-1', 'sruthisivank98@gmail.com'),
(11444, 'Anoop benzier b f', 'Nss college of engineering', '9207304407', 'm', '-1', 'anoopbenzier2014@gmail.com'),
(11445, 'Aayisha S Ahamed', 'TKMCE', '7559927400', 'f', '-1', 'aayishasahamed26@gmail.com'),
(11446, 'Archana G R', 'TKMCE', '9446707378', 'f', '-1', 'archanaresmig@gmail.com'),
(11447, 'Midhun p c', 'Tkm college of engineering', '9745977959', 'm', '-1', 'pc.midhun237@gmail.com'),
(11448, 'Muhammed Suhair C K', 'NSS College of engineering', '8086476204', 'm', '-1', 'suhairmonu74@gmail.com'),
(11449, 'Dhanush Mohan', 'Christ college of engineering', '8943236266', 'm', '0', 'dhanusheradath@gmail.com'),
(11450, 'Anekha K', 'TKMCE', '9495293242', 'f', '-1', 'anekha98@gmail.com'),
(11451, 'Govind Renjith', 'Mar Baselios College of Engine', '7736229936', 'm', '-1', 'govindrenjith27@gmail.com'),
(11452, 'RITHIK RAVI', 'NORTH MALABAR INSTITUTE OF TEC', '8281725195', 'm', '0', 'rithikravimani@gmail.com'),
(11453, 'Febin Varghese', 'Sri Vellappally Natesan Colleg', '7034646148', 'm', '-1', 'febinvarghese123@gmail.com'),
(11454, 'MUHAMMED JANISH U', 'MES COLLEGE OF ENGINEERING', '9809440110', 'm', '-1', 'janishumj@gmail.com'),
(11455, 'AJAY PK', 'MESCE', '8281217296', 'm', '-1', 'ajaypkv1253@gmail.com'),
(11456, 'Adithya Biji', 'TKM College of Engineering ', '8111941143', 'm', '-1', 'adithyabiji1998@gmail.com'),
(11457, 'Hemanth D', 'TKMCE Kollam', '9446085171', 'm', '-1', 'dhemantd@gmail.com'),
(11458, 'Shawn Mathew Shaju', 'Model Engineering College', '7034131109', 'm', '0', 'shawnshaju@gmail.com'),
(11459, 'SHRIYA K T', 'TKM College of engineering', '8547488790', 'f', '-1', 'shriya9596@gmail.com'),
(11460, 'Rhea Mary Josi', 'Toc H Institute of Science and', '9061535579', 'f', '-1', 'rmjosi96@gmail.com'),
(11461, 'SUMESH S', 'T K M', '8606123004', 'm', '-1', 'sumeshsuresh307@gmail.com'),
(11462, 'Rahul Ramachandran Menon', 'Model Engineering College, Thr', '8606567664', 'm', '-1', 'rahullr15rr@gmail.com'),
(11463, 'Nikhil Savy', 'Adi Shankara kalady', '9495400703', 'm', '0', 'nikhil007savy@gmail.com'),
(11464, 'HAIZEL ELZE JOSEPH', 'BCM college', '7012362590', 'f', '-1', 'haizelej@yahoo.co.in'),
(11465, 'K NOUREEN AMINA', 'TKM COLLEGE OF ENGINEERING', '9496278649', 'f', '-1', 'noureenk2000@gmail.com'),
(11466, 'SHIBILA SHAHAR', 'TKM COLLEGE OF ENGINEERING', '9497181334', 'f', '-1', 'najumudeenrahila@gmail.com'),
(11467, 'Amita Jose', 'BCM College', '9400136485', 'f', '-1', 'swapnajoseph95@ymail.com'),
(11468, 'Ananthu Ashokan', 'KVM college of enginerring', '8086219801', 'm', '-1', 'ananthuashokan46@gmail.com'),
(11469, 'Akshay Suresh', 'KVM College of Engineering', '9447196500', 'm', '-1', 'myworld.akshay09@gmail.com'),
(11471, 'Aiswaria N Raj   ', 'KVM College of Engineering', '9495015054', 'f', '-1', 'aishucomp1997@gmail.com'),
(11472, 'Dhanush Mohan', 'Christ college of engineering', '8943246266', 'm', '0', 'sumitha.eradath@gmail.com'),
(11473, 'Shan Peter   ', 'KVM College of Engineering', '8089876854', 'm', '-1', 'Shanpeter0@gmail.com'),
(11474, 'Anandhu P.B', 'KVM College of Engineering', '8606866700', 'm', '-1', 'anandhupb006@gmail.com'),
(11475, 'Rajeev T.K', 'KVM College of Engineering', '9995494474', 'm', '-1', 'rajeevtk27@gmail.com'),
(11476, 'V Bharat krishna', 'Model Engineering College, Thr', '9645115036', 'm', '0', 'bharatkrishnavenkitchalam@gmail.com'),
(11477, 'Rishi joseph cheriyan', 'bishop jerome school  of archi', '8281542975', 'm', '-1', 'josephcheriyan.rishi22@gmail.com'),
(11479, 'Benu Varghese Benjamin', 'Govt. Model Engineering Colleg', '9446277249', 'm', '-1', 'benuvarghese123@gmail.com'),
(11480, 'Basil Thariath', 'Federal Institute of Science A', '0091-9605739353', 'm', '0', 'basilthariath@gmail.com'),
(11482, 'Nabil Salih', 'Rajagiri School of engineering', '8137085429', 'm', '0', 'nabilsalu@gmail.com'),
(11484, 'CHRISTY ANTONT GEORGE', 'Federal Institute of Science A', '8086929135', 'm', '0', 'valsageorge123@gmail.com'),
(11486, 'trial', 'tkm', '4556789', 'f', '-1', 't@g.c'),
(11487, 'trial2', 'tkm', '123456776', 'f', '-1', 'trial@g.c'),
(11488, 'Jishnu Vijayan', 'Adi Shankara Institute of Engi', '9496079736', 'm', '-1', 'jishnuvijayan841@gmail.com'),
(11489, 'Anirudh S Menon', 'Christ College Of Engineering,', '9061573183', 'm', '0', 'anirudhkarma@gmail.com'),
(11490, 'Raasta', 'St.Josephs College Devagiri', '9447662523', 'm', '0', 'navaneethravindran8@gmail.com'),
(11491, 'Arjun Mohan', 'St.Josephs College Devagiri', '9809455220', 'm', '-1', 'pcarjunmohan@gmail.com'),
(11492, 'Kiran Krishnan', 'Musaliar college of engineerin', '8129930039', 'm', '-1', 'kirankrishnan180@gmail.com'),
(11496, 'sreejith r', 'college of engineering attinga', '9746205140', 'm', '-1', 'sreejithr2025@gmail.com'),
(11497, 'binu k jose', 'kmp college of engineering', '9645544712', 'm', '0', 'binu.grp@gmail.com'),
(11498, 'shahul', 'invalid college', '23456788', 'f', '0', 's@g.c'),
(11499, 'sulu', '--select--', '234321', 'm', '1', 'sulu@g.c');

-- --------------------------------------------------------

--
-- Table structure for table `refund`
--

CREATE TABLE `refund` (
  `sno` int(10) NOT NULL,
  `trans_id` varchar(15) NOT NULL,
  `refund_amt` int(10) NOT NULL,
  `time` timestamp NOT NULL DEFAULT CURRENT_TIMESTAMP ON UPDATE CURRENT_TIMESTAMP,
  `comments` varchar(50) NOT NULL
) ENGINE=InnoDB DEFAULT CHARSET=latin1;

-- --------------------------------------------------------

--
-- Table structure for table `team`
--

CREATE TABLE `team` (
  `sno` int(10) NOT NULL,
  `event_id` int(10) NOT NULL,
  `head_id` int(10) NOT NULL,
  `member_id` int(10) NOT NULL
) ENGINE=InnoDB DEFAULT CHARSET=latin1;

--
-- Dumping data for table `team`
--

INSERT INTO `team` (`sno`, `event_id`, `head_id`, `member_id`) VALUES
(2, 1006, 11005, 11006),
(3, 1007, 11005, 11007),
(4, 1011, 11010, 11011),
(5, 1074, 11012, 11012),
(6, 1034, 11014, 11015),
(7, 1073, 11017, 11018),
(8, 1035, 11021, 11022),
(9, 1002, 11023, 11024),
(10, 1073, 11029, 11030),
(11, 1068, 11034, 11035),
(12, 1073, 11038, 11038),
(13, 1068, 11040, 11041),
(14, 1002, 11042, 11042),
(15, 1031, 11043, 11044),
(16, 1074, 11045, 11046),
(17, 1011, 11047, 11048),
(18, 1073, 11051, 11051),
(19, 1009, 11052, 11053),
(20, 1073, 11055, 11055),
(21, 1009, 11056, 11057),
(22, 1007, 11058, 11058),
(23, 1069, 11059, 11060),
(24, 1011, 11063, 11064),
(25, 1011, 11065, 11065),
(26, 1035, 11066, 11066),
(27, 1074, 11071, 11072),
(28, 1078, 11073, 11073),
(29, 1074, 11080, 11082),
(30, 1011, 11083, 11084),
(31, 1079, 11086, 11087),
(32, 1011, 11093, 11094),
(33, 1034, 11096, 11097),
(34, 1006, 11099, 11099),
(35, 1032, 11103, 11102),
(36, 1011, 11107, 11107),
(37, 1058, 11108, 11109),
(38, 1034, 11116, 11117),
(39, 1004, 11118, 11118),
(40, 1014, 11122, 11123),
(41, 1011, 11125, 11126),
(42, 1041, 11127, 11127),
(43, 1041, 11132, 11132),
(44, 1064, 11133, 11134),
(45, 1041, 11129, 11135),
(46, 1040, 11138, 11139),
(47, 1067, 11133, 11134),
(48, 1005, 11140, 11136),
(49, 1014, 11142, 11142),
(50, 1014, 11143, 11143),
(51, 1014, 11144, 11144),
(52, 1009, 11145, 11146),
(53, 1014, 11147, 11147),
(54, 1041, 11153, 11154),
(55, 1041, 11159, 11160),
(56, 1041, 11160, 11161),
(57, 1047, 11153, 11154),
(58, 1067, 11167, 11168),
(59, 1075, 11169, 11171),
(60, 1033, 11178, 11178),
(61, 1073, 11182, 11183),
(62, 1073, 11190, 11190),
(63, 1041, 11191, 11191),
(64, 1043, 11191, 11191),
(65, 1031, 11195, 11196),
(66, 1011, 11204, 11205),
(67, 1088, 11208, 11208),
(68, 1064, 11209, 11210),
(69, 1041, 11153, 11154),
(70, 1047, 11153, 11154),
(71, 1064, 11221, 11209),
(72, 1047, 11224, 11225),
(73, 1047, 11226, 11227),
(74, 1040, 11238, 11238),
(75, 1068, 11240, 11241),
(76, 1064, 11266, 11064),
(77, 1088, 11275, 11275),
(78, 1030, 11287, 11288),
(79, 1058, 11108, 11109),
(80, 1089, 11108, 11109),
(81, 1009, 11294, 11296),
(82, 1032, 11299, 11299),
(83, 1034, 11301, 11302),
(84, 1034, 11308, 11309),
(85, 1040, 11312, 11313),
(86, 1088, 11322, 11323),
(87, 1028, 11324, 11325),
(88, 1032, 11327, 11328),
(89, 1028, 11331, 11328),
(90, 1030, 11331, 11328),
(91, 1088, 11322, 11332),
(92, 1030, 11327, 11334),
(93, 1032, 11335, 11336),
(94, 1030, 11274, 11331),
(95, 1069, 11337, 11285),
(96, 1071, 11337, 11338),
(97, 1068, 11339, 11340),
(98, 1044, 11331, 11328),
(99, 1043, 11344, 11344),
(100, 1006, 11350, 11351),
(101, 1005, 11356, 11356),
(102, 1014, 11357, 11357),
(103, 1032, 11370, 11371),
(104, 1040, 11375, 11375),
(105, 1079, 11377, 11377),
(106, 1002, 11396, 11396),
(107, 1002, 11406, 11407),
(108, 1015, 11410, 11411),
(109, 1043, 11412, 11413),
(110, 1043, 11420, 11421),
(111, 1058, 11423, 11424),
(112, 1030, 11438, 11439),
(113, 1005, 11445, 11446),
(114, 1042, 11454, 11455),
(115, 1042, 11454, 11455),
(116, 1075, 11129, 11129),
(117, 1005, 11464, 11464),
(118, 1009, 11465, 11466),
(119, 1002, 11484, 11484),
(120, 1006, 11484, 11064),
(121, 1002, 11490, 11491),
(122, 1017, 11496, 11064),
(123, 1019, 11496, 11064),
(124, 1017, 11496, 11064),
(125, 1019, 11496, 11064),
(126, 1002, 11002, 11001),
(127, 1002, 11002, 11005),
(128, 0, 11002, 11008),
(129, 0, 11002, 11008),
(130, 0, 11002, 11008),
(131, 0, 11002, 11008),
(132, 0, 11002, 11008),
(133, 0, 11002, 11008),
(134, 0, 11002, 11008),
(135, 0, 11002, 11008),
(136, 0, 11002, 11008);

-- --------------------------------------------------------

--
-- Table structure for table `transactions`
--

CREATE TABLE `transactions` (
  `sno` int(10) NOT NULL,
  `part_id` int(10) NOT NULL,
  `amt` int(10) NOT NULL,
  `trans_id` varchar(50) NOT NULL,
  `time` timestamp NOT NULL DEFAULT CURRENT_TIMESTAMP ON UPDATE CURRENT_TIMESTAMP,
  `status` int(2) DEFAULT '-1'
) ENGINE=InnoDB DEFAULT CHARSET=latin1;

--
-- Dumping data for table `transactions`
--

INSERT INTO `transactions` (`sno`, `part_id`, `amt`, `trans_id`, `time`, `status`) VALUES
(1, 11001, 300, '6307417455218', '2017-03-09 04:23:46', -1),
(2, 11002, 500, '7335958982', '2017-03-09 04:23:46', -1),
(3, 11005, 1150, '1325277522', '2017-03-09 04:23:46', -1),
(4, 11004, 100, '7338425122', '2017-03-09 04:23:46', -1),
(5, 11012, 100, '7357680482', '2017-03-09 04:23:46', -1),
(6, 11013, 200, '7360403498', '2017-03-09 04:23:46', -1),
(7, 11014, 400, '7360650386', '2017-03-09 04:23:46', -1),
(8, 11017, 200, '7361990174', '2017-03-09 04:23:46', -1),
(9, 11019, 100, '\\''', '2017-03-09 04:23:46', -1),
(10, 11023, 400, '7387894818', '2017-03-09 04:23:46', -1),
(11, 11029, 200, ' 7395237342', '2017-03-09 04:23:46', -1),
(12, 11031, 100, '7397761774', '2017-03-09 04:23:46', -1),
(13, 11034, 100, '7403279398', '2017-03-09 04:23:46', -1),
(14, 11038, 200, '227923756870630', '2017-03-09 04:23:46', -1),
(15, 11040, 100, '7434210754', '2017-03-09 04:23:46', -1),
(16, 11045, 100, '7448672614', '2017-03-09 04:23:46', -1),
(17, 11051, 200, '7465217154', '2017-03-09 04:23:46', -1),
(18, 11055, 200, '2860019625', '2017-03-09 04:23:46', -1),
(19, 11059, 200, '7474802610', '2017-03-09 04:23:46', -1),
(20, 11071, 100, '75046 00902', '2017-03-09 04:23:46', -1),
(21, 11073, 100, '7505528414', '2017-03-09 04:23:46', -1),
(22, 11079, 0, '7524973718', '2017-03-09 04:23:46', -1),
(23, 11080, 100, '7527238134', '2017-03-09 04:23:46', -1),
(24, 11086, 200, '2869995665', '2017-03-09 04:23:46', -1),
(25, 11096, 400, '7540053034', '2017-03-09 04:23:46', -1),
(26, 11098, 200, '7543830126', '2017-03-09 04:23:46', -1),
(27, 11105, 0, '7569865090', '2017-03-09 04:23:46', -1),
(28, 11106, 100, '7572087970', '2017-03-09 04:23:46', -1),
(29, 11115, 100, '7579824730', '2017-03-09 04:23:46', -1),
(30, 11118, 400, '7596362278', '2017-03-09 12:08:29', -1),
(31, 11120, 0, '7600097286', '2017-03-09 13:54:35', -1),
(32, 11122, 500, '7600977314', '2017-03-09 14:07:58', -1),
(33, 11128, 100, '7603426882', '2017-03-09 15:02:19', -1),
(34, 11136, 0, '7605087970', '2017-03-09 15:40:52', -1),
(35, 11140, 250, '7605414570', '2017-03-09 15:48:44', -1),
(36, 11141, 100, '7605642614', '2017-03-09 15:54:33', -1),
(37, 11142, 500, '7482674814', '2017-03-09 15:55:50', -1),
(38, 11143, 500, '7572184758', '2017-03-09 15:59:37', -1),
(39, 11144, 500, '75615690034', '2017-03-09 16:04:41', -1),
(40, 11147, 500, '7549723102', '2017-03-09 16:07:14', -1),
(41, 11162, 0, '7609825838', '2017-03-09 18:22:57', -1),
(42, 11164, 150, '7610475578', '2017-03-09 19:42:56', -1),
(43, 11165, 0, '7491152934', '2017-03-10 06:10:02', -1),
(44, 11169, 100, '7627725782', '2017-03-10 10:29:03', -1),
(45, 11174, 0, '7388096198', '2017-03-10 12:13:09', -1),
(46, 11178, 500, '67109159405', '2017-03-10 13:02:32', -1),
(51, 11180, 0, 'SBTR0000397', '2017-03-10 13:30:33', -1),
(67, 11182, 200, '7636004462', '2017-03-10 14:14:27', -1),
(68, 11184, 300, '7636119822', '2017-03-10 14:17:09', -1),
(69, 11185, 300, '7636325790', '2017-03-10 14:22:02', -1),
(70, 11186, 300, '7636441322', '2017-03-10 14:24:48', -1),
(71, 11187, 300, '7636533414', '2017-03-10 14:27:07', -1),
(72, 11189, 300, '7636614950', '2017-03-10 14:35:36', -1),
(73, 11190, 200, '8850903542170680', '2017-03-10 14:50:34', -1),
(74, 11193, 300, '7641762390', '2017-03-10 16:50:37', -1),
(76, 11194, 300, '7642151630', '2017-03-10 17:04:19', -1),
(77, 11195, 100, '7642616606', '2017-03-10 17:23:30', -1),
(78, 11199, 300, '7643635426', '2017-03-10 18:20:36', -1),
(79, 11200, 300, '7643844178', '2017-03-10 18:38:33', -1),
(80, 11201, 300, '7643924566', '2017-03-10 18:47:58', -1),
(81, 11202, 0, '117030906768955', '2017-03-10 19:12:15', -1),
(86, 11206, 300, '7646305338', '2017-03-11 02:19:59', -1),
(88, 11212, 300, '7648381882', '2017-03-11 04:07:37', -1),
(89, 11215, 300, '7649057022', '2017-03-11 04:33:49', -1),
(90, 11231, 300, '7651923290', '2017-03-11 06:10:41', -1),
(91, 11237, 500, '7654213550', '2017-03-11 07:24:55', -1),
(93, 11238, 0, 'https://docs.google.com/forms/d/e/1FAIpQLSfM1iQuaQ', '2017-03-11 07:37:19', -1),
(94, 11239, 300, '7657691930', '2017-03-11 09:12:44', -1),
(95, 11243, 200, '7661078182', '2017-03-11 10:40:21', -1),
(96, 11244, 300, '7661343550', '2017-03-11 10:46:43', -1),
(97, 11249, 300, '7649675070', '2017-03-11 13:11:29', -1),
(98, 11252, 300, '7669220918', '2017-03-11 14:24:30', -1),
(99, 11253, 300, '7669417882', '2017-03-11 14:29:22', -1),
(100, 11263, 300, '7672444106', '2017-03-11 15:43:37', -1),
(101, 11264, 100, '7673272066', '2017-03-11 16:06:50', -1),
(102, 11270, 100, 'CT11270', '2017-03-11 16:48:41', -1),
(103, 11272, 300, 'tfgjhkl', '2017-03-11 17:14:29', -1),
(104, 11237, 500, '7679698246', '2017-03-12 02:51:42', -1),
(105, 11282, 300, '7680706334', '2017-03-12 03:50:17', -1),
(106, 11173, 500, '7680930278', '2017-03-12 04:07:35', -1),
(108, 11274, 500, '7681881890', '2017-03-12 04:28:58', -1),
(110, 11108, 300, '7685019362', '2017-03-12 06:11:13', -1),
(111, 11293, 100, '7691627322', '2017-03-12 09:28:42', -1),
(112, 11297, 500, '769835342', '2017-03-12 10:39:48', -1),
(113, 11300, 100, '2896849323', '2017-03-12 11:00:36', -1),
(114, 11303, 100, '7696097530', '2017-03-12 11:55:52', -1),
(116, 11304, 500, '7696456250', '2017-03-12 12:07:03', -1),
(117, 11305, 750, 'gdhdby', '2017-03-12 12:09:36', -1),
(118, 11308, 400, '7697005370', '2017-03-12 12:25:04', -1),
(119, 11310, 100, '7697033190', '2017-03-12 12:25:54', -1),
(120, 11315, 300, '173837388', '2017-03-12 14:17:39', -1),
(121, 11318, 500, '7702931578', '2017-03-12 15:06:08', -1),
(122, 11319, 500, '7703086742', '2017-03-12 15:10:20', -1),
(123, 11321, 500, '7703250486', '2017-03-12 15:14:45', -1),
(124, 11324, 200, '7703310102', '2017-03-12 15:16:06', -1),
(125, 11326, 500, '7703389910', '2017-03-12 15:18:09', -1),
(126, 11327, 200, '7703649574', '2017-03-12 15:25:56', -1),
(127, 11329, 500, '7703729858', '2017-03-12 15:27:40', -1),
(128, 11320, 100, '7703588810', '2017-03-12 15:28:19', -1),
(130, 11322, 1000, '7704807386', '2017-03-12 16:00:38', -1),
(131, 11335, 200, '609683', '2017-03-12 16:30:44', -1),
(132, 11339, 100, '7706382954', '2017-03-12 16:54:03', -1),
(133, 11341, 100, '7706441738', '2017-03-12 16:57:21', -1),
(134, 11342, 500, '7707253894', '2017-03-12 17:32:46', -1),
(135, 11344, 150, '9633150988', '2017-03-12 18:37:14', -1),
(136, 11345, 0, '7708640634', '2017-03-12 19:49:02', -1),
(138, 11350, 400, '7712122482', '2017-03-13 03:40:44', -1),
(139, 11356, 150, '7713338434', '2017-03-13 04:25:47', -1),
(140, 11357, 500, '7713666850', '2017-03-13 04:37:49', -1),
(141, 11317, 500, '7713728254', '2017-03-13 04:39:40', -1),
(142, 11359, 0, '7713788426', '2017-03-13 04:41:54', -1),
(143, 11361, 300, '2900436233', '2017-03-13 06:24:05', -1),
(144, 11362, 300, '2900529440', '2017-03-13 06:28:57', -1),
(145, 11363, 500, '7691724718', '2017-03-13 06:37:25', -1),
(146, 11366, 300, '2900866583', '2017-03-13 07:35:30', -1),
(147, 11369, 750, '7725676374', '2017-03-13 12:20:46', -1),
(148, 11370, 200, '7725748366', '2017-03-13 12:23:42', -1),
(149, 11372, 750, '7726236722', '2017-03-13 12:39:51', -1),
(150, 11376, 750, '7727720634', '2017-03-13 13:30:25', -1),
(151, 11377, 400, '7728426218', '2017-03-13 13:46:49', -1),
(152, 11378, 0, '7728529354', '2017-03-13 13:49:11', -1),
(153, 11382, 300, '772881166', '2017-03-13 13:58:13', -1),
(154, 11384, 0, '7729052950', '2017-03-13 14:03:08', -1),
(155, 11385, 300, '7729055098', '2017-03-13 14:03:18', -1),
(156, 11386, 750, '7729205954', '2017-03-13 14:06:59', -1),
(157, 11392, 300, '7729531930', '2017-03-13 14:15:18', -1),
(158, 11397, 750, '7729663188', '2017-03-13 14:20:21', -1),
(159, 11398, 0, '77297330422', '2017-03-13 14:20:27', -1),
(160, 11405, 750, '7730210338', '2017-03-13 14:34:08', -1),
(161, 11414, 300, '7730955078', '2017-03-13 14:54:33', -1),
(162, 11415, 750, '7730976188', '2017-03-13 14:56:10', -1),
(166, 11417, 300, '7731346418', '2017-03-13 15:04:57', -1),
(167, 11419, 300, '7731565302', '2017-03-13 15:11:41', -1),
(169, -1, 300, '7731713946', '2017-03-13 15:15:48', -1),
(170, 11425, 750, '7722952914', '2017-03-13 15:16:54', -1),
(171, 11427, 0, '7731754490', '2017-03-13 15:22:26', -1),
(172, 11369, 750, '7725674782', '2017-03-13 15:22:56', -1),
(173, 11432, 300, '7732167198', '2017-03-13 15:28:47', -1),
(174, 11372, 750, '7726235018', '2017-03-13 15:31:30', -1),
(175, 11434, 300, '7732424814', '2017-03-13 15:36:19', -1),
(176, 11437, 300, '7732647826', '2017-03-13 15:43:28', -1),
(177, 11438, 700, '7732656294', '2017-03-13 15:44:14', -1),
(178, 11440, 300, '7732752730', '2017-03-13 15:46:34', -1),
(179, 11441, 300, '7732842258', '2017-03-13 15:49:10', -1),
(180, 11443, 300, '7733188350', '2017-03-13 16:02:01', -1),
(181, 11444, 300, '7733336414', '2017-03-13 16:04:44', -1),
(182, 11448, 300, '7733652342', '2017-03-13 16:14:59', -1),
(183, 11451, 100, '7734222846', '2017-03-13 16:34:38', -1),
(184, 11452, 750, '7734220574', '2017-03-13 16:34:58', -1),
(185, 11453, 100, '7734256478', '2017-03-13 16:35:59', -1),
(186, 11456, 750, '7734582554', '2017-03-13 16:49:19', -1),
(187, 11454, 150, '7735100902', '2017-03-13 17:10:35', -1),
(188, 11458, 300, '7735101014', '2017-03-13 17:11:55', -1),
(190, 11129, 100, '7735151138', '2017-03-13 17:14:45', -1),
(191, 11460, 50, '7735252690', '2017-03-13 17:17:44', -1),
(192, 11461, 100, 'Txn ID', '2017-03-13 17:25:12', -1),
(193, 11462, 500, '7735412010', '2017-03-13 17:26:30', -1),
(194, 11465, 200, '7735688646', '2017-03-13 17:40:29', -1),
(195, 11468, 300, '7735867778', '2017-03-13 17:50:10', -1),
(196, 11315, 300, '7735931378', '2017-03-13 17:54:03', -1),
(197, 11469, 300, '7735965838', '2017-03-13 17:56:29', -1),
(198, 11471, 300, '7735997714', '2017-03-13 17:58:29', -1),
(199, 11473, 300, '7736045586', '2017-03-13 18:01:36', -1),
(200, 11474, 300, '7736078238', '2017-03-13 18:03:54', -1),
(201, 11475, 300, '7736102326', '2017-03-13 18:05:43', -1),
(202, 11479, 200, '7736392314', '2017-03-13 18:30:43', -1),
(203, 11487, 100, '1111111', '2017-03-13 18:51:15', -1),
(204, 11489, 0, '7736598670', '2017-03-13 19:04:23', -1);

--
-- Indexes for dumped tables
--

--
-- Indexes for table `college`
--
ALTER TABLE `college`
  ADD PRIMARY KEY (`college_id`);

--
-- Indexes for table `events`
--
ALTER TABLE `events`
  ADD PRIMARY KEY (`event_id`);

--
-- Indexes for table `event_participants`
--
ALTER TABLE `event_participants`
  ADD PRIMARY KEY (`sno`);

--
-- Indexes for table `event_participants_spot`
--
ALTER TABLE `event_participants_spot`
  ADD PRIMARY KEY (`sno`);

--
-- Indexes for table `login`
--
ALTER TABLE `login`
  ADD PRIMARY KEY (`id`);

--
-- Indexes for table `participants`
--
ALTER TABLE `participants`
  ADD PRIMARY KEY (`id`),
  ADD UNIQUE KEY `phone` (`phone`),
  ADD UNIQUE KEY `email` (`email`);

--
-- Indexes for table `refund`
--
ALTER TABLE `refund`
  ADD PRIMARY KEY (`sno`);

--
-- Indexes for table `team`
--
ALTER TABLE `team`
  ADD PRIMARY KEY (`sno`);

--
-- Indexes for table `transactions`
--
ALTER TABLE `transactions`
  ADD PRIMARY KEY (`sno`),
  ADD UNIQUE KEY `trans_id` (`trans_id`);

--
-- AUTO_INCREMENT for dumped tables
--

--
-- AUTO_INCREMENT for table `college`
--
ALTER TABLE `college`
  MODIFY `college_id` int(10) NOT NULL AUTO_INCREMENT, AUTO_INCREMENT=10387;
--
-- AUTO_INCREMENT for table `events`
--
ALTER TABLE `events`
  MODIFY `event_id` int(10) NOT NULL AUTO_INCREMENT, AUTO_INCREMENT=1099;
--
-- AUTO_INCREMENT for table `event_participants`
--
ALTER TABLE `event_participants`
  MODIFY `sno` int(10) NOT NULL AUTO_INCREMENT, AUTO_INCREMENT=531;
--
-- AUTO_INCREMENT for table `event_participants_spot`
--
ALTER TABLE `event_participants_spot`
  MODIFY `sno` int(10) NOT NULL AUTO_INCREMENT, AUTO_INCREMENT=11;
--
-- AUTO_INCREMENT for table `login`
--
ALTER TABLE `login`
  MODIFY `id` int(10) NOT NULL AUTO_INCREMENT, AUTO_INCREMENT=5002;
--
-- AUTO_INCREMENT for table `participants`
--
ALTER TABLE `participants`
  MODIFY `id` int(10) NOT NULL AUTO_INCREMENT, AUTO_INCREMENT=11500;
--
-- AUTO_INCREMENT for table `refund`
--
ALTER TABLE `refund`
  MODIFY `sno` int(10) NOT NULL AUTO_INCREMENT;
--
-- AUTO_INCREMENT for table `team`
--
ALTER TABLE `team`
  MODIFY `sno` int(10) NOT NULL AUTO_INCREMENT, AUTO_INCREMENT=137;
--
-- AUTO_INCREMENT for table `transactions`
--
ALTER TABLE `transactions`
  MODIFY `sno` int(10) NOT NULL AUTO_INCREMENT, AUTO_INCREMENT=205;
/*!40101 SET CHARACTER_SET_CLIENT=@OLD_CHARACTER_SET_CLIENT */;
/*!40101 SET CHARACTER_SET_RESULTS=@OLD_CHARACTER_SET_RESULTS */;
/*!40101 SET COLLATION_CONNECTION=@OLD_COLLATION_CONNECTION */;
