-- phpMyAdmin SQL Dump
-- version 4.0.10.14
-- http://www.phpmyadmin.net
--
-- Host: localhost:3306
-- Generation Time: Mar 15, 2017 at 05:31 PM
-- Server version: 5.6.34-79.1-log
-- PHP Version: 5.4.31

SET SQL_MODE = "NO_AUTO_VALUE_ON_ZERO";
SET time_zone = "+00:00";


/*!40101 SET @OLD_CHARACTER_SET_CLIENT=@@CHARACTER_SET_CLIENT */;
/*!40101 SET @OLD_CHARACTER_SET_RESULTS=@@CHARACTER_SET_RESULTS */;
/*!40101 SET @OLD_COLLATION_CONNECTION=@@COLLATION_CONNECTION */;
/*!40101 SET NAMES utf8 */;

--
-- Database: `conjupny_conjura`
--

-- --------------------------------------------------------

--
-- Table structure for table `events`
--

CREATE TABLE IF NOT EXISTS `events` (
  `event_id` int(10) NOT NULL AUTO_INCREMENT,
  `event_name` varchar(20) NOT NULL,
  `amount` int(10) NOT NULL,
  `pre_reg` char(2) NOT NULL COMMENT 'y if advance payment required',
  `team` char(2) NOT NULL COMMENT 'y if its a team event',
  `event_display` varchar(50) DEFAULT NULL,
  `lock_event` int(2) DEFAULT '0',
  PRIMARY KEY (`event_id`)
) ENGINE=InnoDB  DEFAULT CHARSET=latin1 AUTO_INCREMENT=1099 ;

--
-- Dumping data for table `events`
--

INSERT INTO `events` (`event_id`, `event_name`, `amount`, `pre_reg`, `team`, `event_display`, `lock_event`) VALUES
(1001, 'voice_of_conjura', 100, 'n', 'n', 'VOICE OF CONJURA', 1),
(1002, 'unplugged', 400, 'n', 'y', 'UNPLUGGED', 1),
(1003, 'solowestern', 100, 'n', 'n', 'SOLO WESTERN', 0),
(1004, 'overdrive', 400, 'n', 'y', 'OVERDRIVE', 0),
(1005, 'dyad(duet)', 150, 'n', 'y', 'PARALLEL(DUET)', 0),
(1006, 'agnee', 400, 'n', 'y', 'AGNEE', 0),
(1007, 'dj_war', 500, 'n', 'y', 'DJ WAR', 0),
(1008, 'spot_master', 100, 'n', 'n', 'SPOT MASTER', 0),
(1009, 'reflection', 150, 'n', 'y', 'REFLECTION', 0),
(1010, 'go_solo', 100, 'n', 'n', 'GO SOLO', 0),
(1011, 'choreonight', 1500, 'n', 'y', 'CHOREONIGHT', 0),
(1012, 'monoact', 100, 'n', 'n', 'MONOACT', 0),
(1013, 'mime', 300, 'n', 'y', 'MIME', 0),
(1014, 'hraswa', 500, 'y', 'y', 'HRASWA', 1),
(1015, 'drama', 300, 'n', 'y', 'DRAMA', 0),
(1016, 'love_letter_writing', 50, 'n', 'n', 'LOVE LETTER WRITING', 0),
(1017, 'jam_eng', 50, 'n', 'y', 'JAM (ENGLISH)', 0),
(1018, 'haiku_writing', 50, 'n', 'n', 'HAIKU WRITING', 0),
(1019, 'debate', 100, 'n', 'y', 'DEBATE', 0),
(1020, 'recitation', 50, 'n', 'n', 'RECITATION', 0),
(1021, 'pencil_sketching', 50, 'n', 'n', 'PENCIL SKETCHING', 0),
(1022, 'painting', 50, 'n', 'n', 'PAINTING', 0),
(1023, 'mehendi', 50, 'n', 'n', 'MEHENDI', 0),
(1024, 'face_painting', 50, 'n', 'n', 'FACE PAINTING', 0),
(1025, 'collage', 50, 'n', 'n', 'COLLAGE', 0),
(1026, 'clay_modelling', 50, 'n', 'n', 'CLAY MODELLING', 0),
(1027, 'mr_and_ms_conjura', 300, 'n', 'n', 'MR or MS CONJURA', 0),
(1028, 'treasure_hunt', 200, 'n', 'y', 'TREASURE HUNT', 0),
(1029, 'graffiti', 100, 'n', 'y', 'GRAFFITI', 0),
(1030, 'hive_mind', 200, 'n', 'y', 'HIVE MIND', 0),
(1031, 'you_know_nothing', 100, 'n', 'y', 'YOU KNOW NOTHING', 0),
(1032, 'badminton', 200, 'n', 'y', 'BADMINTON', 0),
(1033, 'football', 300, 'n', 'y', 'FOOTBALL', 0),
(1034, 'cricket', 400, 'n', 'y', 'CRICKET', 0),
(1035, 'volleyball', 300, 'n', 'y', 'VOLLEYBALL', 0),
(1036, 'chess', 200, 'n', 'n', 'CHESS', 0),
(1037, 'g_coder', 100, 'n', 'n', 'G CODER', 0),
(1038, 'cadwar', 100, 'n', 'n', 'CADWAR', 0),
(1039, 'fabricato', 150, 'n', 'y', 'FABRICATO', 0),
(1040, 'robo_gt', 300, 'n', 'y', 'ROBO GT', 0),
(1041, 'envisage', 100, 'n', 'y', 'ENVISAGE', 0),
(1042, 'creativo', 150, 'n', 'y', 'CREATIVO', 0),
(1043, 'engine_assembly', 150, 'n', 'y', 'ENGINE ASSEMBLY', 0),
(1044, 'contraption', 200, 'n', 'y', 'CONTRAPTION', 0),
(1045, 'aqua_strike', 150, 'n', 'y', 'AQUA STRIKE', 0),
(1046, 'regatta', 50, 'n', 'n', 'REGATTA', 0),
(1047, 'praesentare', 100, 'n', 'n', 'PRAESENTARE', 0),
(1048, 'hackovate', 300, 'n', 'y', 'HACKOVATE', 0),
(1049, 'glow_it_or_blow_it', 100, 'n', 'n', 'GLOW IT OR BLOW IT', 0),
(1050, 'espionage', 300, 'n', 'y', 'ESPIONAGE', 0),
(1051, 'electromaze', 100, 'n', 'n', 'ELECTROMAZE', 0),
(1052, 'task_marathon', 100, 'n', 'y', 'TASK MARATHON', 0),
(1053, 'robowar', 500, 'n', 'y', 'ROBOWAR', 0),
(1054, 'matlab_image_coding', 100, 'n', 'y', 'MATLAB IMAGE CODING', 0),
(1055, 'line_follower', 200, 'n', 'n', 'LINE FOLLOWER', 0),
(1056, 'formula_dr1', 500, 'n', 'y', 'FORMULA DR1', 0),
(1057, 'instant_coding', 100, 'n', 'n', 'INSTANT CODING', 0),
(1058, 'code_fortress', 100, 'n', 'y', 'CODE FORTRESS', 0),
(1059, 'hack_dr_lanning', 100, 'n', 'n', 'HACK DR LANNING', 0),
(1060, 'fb_quest_day1', 100, 'n', 'n', 'FB QUEST DAY1', 0),
(1061, 'alohomora', 100, 'n', 'y', 'ALOHOMORA', 0),
(1062, 'theodo', 100, 'n', 'y', 'THEODO', 0),
(1063, 'sthapati', 100, 'n', 'y', 'STHAPATI', 0),
(1064, 'sahistha_saggha', 200, 'n', 'y', 'SAHISTHA SAGGHA', 0),
(1065, 'contrivir', 100, 'n', 'y', 'CONTRIVIR', 0),
(1066, 'equipo_360', 200, 'n', 'y', 'EQUIPO 360', 0),
(1067, 'terminus_puzzle', 200, 'n', 'y', 'TERMINUS PUZZLE', 0),
(1068, 'innovate_2017', 100, 'n', 'y', 'INNOVATE 2017', 0),
(1069, 'propulsia', 200, 'n', 'y', 'PROPULSIA', 0),
(1070, 'potentia', 100, 'n', 'y', 'POTENTIA', 0),
(1071, 'formula_h', 200, 'n', 'y', 'FORMULA H', 0),
(1072, 'deadlock', 100, 'n', 'y', 'DEADLOCK', 0),
(1073, 'choncord_macro', 200, 'y', 'y', 'CONCHORD MACRO', 0),
(1074, 'choncord_micro', 100, 'y', 'y', 'CONCHORD MICRO', 0),
(1075, 'fabrilis', 100, 'y', 'y', 'FABRILIS', 0),
(1076, 'hustle_n_bustle', 100, 'y', 'y', 'HUSTLE N BUSTLE', 0),
(1077, 'play_around', 200, 'n', 'y', 'PLAY AROUND', 0),
(1078, 'trikal', 100, 'y', 'y', 'TRIKAL', 0),
(1079, 'call_of_duty', 100, 'n', 'y', 'CALL OF DUTY 4 MODERN WARFARE', 0),
(1080, 'fifa_15_legendary', 100, 'n', 'n', 'FIFA 15 LEGENDARY', 0),
(1081, 'fifa_tournament', 100, 'n', 'n', 'FIFA TOURNAMENT', 0),
(1082, 'nfs_most_wanted', 100, 'n', 'n', 'NFS MOST WANTED', 0),
(1083, 'fb_quest_day2', 100, 'n', 'n', 'FB QUEST DAY2', 0),
(1084, 'workshop_cse', 300, 'y', 'n', 'SECURITY TESTING USING PYTHON(WORKSHOP)', 1),
(1085, 'workshop_eee', 500, 'y', 'n', 'MOBILE BASED HOME AUTOMATION(WORKSHOP)', 1),
(1086, 'workshop1_arch', 350, 'n', 'n', 'PENCIL LEAD CARVING(WORKSHOP)', 0),
(1087, 'workshop2_arch', 200, 'n', 'n', 'MURAL PAINTING(WORKSHOP)', 0),
(1088, 'denovo', 1000, 'n', 'y', 'DENOVO', 0),
(1089, 'comquest', 150, 'n', 'y', 'COMQUEST', 0),
(1090, 'cadd_design', 0, 'n', 'n', 'CADD CENTRE''S DESIGN CONTEST', 0),
(1091, 'a_r', 500, 'n', 'n', 'AUGMENTED REALITY(WORKSHOP)', 0),
(1092, 'udyati', 100, 'n', 'n', 'UDYATI', 0),
(1093, 'vehicle_design', 750, 'n', 'n', 'VEHICLE DESIGN AND DYNAMICS(WORKSHOP)', 1),
(1094, 'nail_art', 50, 'n', 'n', 'NAIL ART', 0),
(1095, 'event_x', 50, 'n', 'n', 'EVENT X', 0),
(1096, 'lakia', 200, 'n', 'y', 'LAKIA ZAROLA (Treasure Hunt)', 0),
(1097, 'planerik', 30, 'n', 'y', 'PLANERIK', 0),
(1098, 'jam_mal', 50, 'n', 'y', 'JAM (MALAYALAM)', 0);

-- --------------------------------------------------------

--
-- Table structure for table `event_participants`
--

CREATE TABLE IF NOT EXISTS `event_participants` (
  `sno` int(10) NOT NULL AUTO_INCREMENT,
  `part_id` int(10) NOT NULL,
  `event_id` int(10) NOT NULL,
  `paid` char(2) NOT NULL,
  `trans_id` varchar(15) NOT NULL,
  PRIMARY KEY (`sno`)
) ENGINE=InnoDB  DEFAULT CHARSET=latin1 AUTO_INCREMENT=840 ;

--
-- Dumping data for table `event_participants`
--

INSERT INTO `event_participants` (`sno`, `part_id`, `event_id`, `paid`, `trans_id`) VALUES
(1, 11001, 1001, 'y', '6307417455218'),
(2, 11001, 1001, 'y', '6307417455218'),
(3, 11001, 1001, 'y', '6307417455218'),
(4, 11002, 1014, 'y', '7335958982'),
(5, 11004, 1001, 'n', ''),
(6, 11005, 1001, 'y', '1325277522'),
(7, 11005, 1003, 'y', '1325277522'),
(8, 11005, 1006, 'y', '1325277522'),
(9, 11005, 1007, 'y', '1325277522'),
(10, 11005, 1020, 'y', '1325277522'),
(11, 11004, 1001, 'y', '7338425122'),
(12, 11008, 1001, 'n', ''),
(13, 11008, 1016, 'n', ''),
(14, 11010, 1011, 'n', ''),
(15, 11010, 1010, 'n', ''),
(16, 11012, 1074, 'y', '7357680482'),
(17, 11013, 1008, 'y', '7360403498'),
(18, 11013, 1010, 'y', '7360403498'),
(19, 11014, 1034, 'y', '7360650386'),
(20, 11016, 1001, 'n', ''),
(21, 11016, 1001, 'n', ''),
(22, 11017, 1073, 'y', '7361990174'),
(23, 11019, 1060, 'y', '\\'''),
(24, 11020, 1026, 'n', ''),
(25, 11021, 1035, 'n', ''),
(26, 11023, 1002, 'y', '7387894818'),
(27, 11027, 1001, 'n', ''),
(28, 11027, 1018, 'n', ''),
(29, 11028, 1027, 'n', ''),
(30, 11029, 1073, 'y', ' 7395237342'),
(31, 11031, 1003, 'y', '7397761774'),
(32, 11032, 1036, 'n', ''),
(33, 11033, 1001, 'n', ''),
(34, 11034, 1068, 'n', ''),
(35, 11034, 1068, 'y', '7403279398'),
(36, 11036, 1003, 'n', ''),
(37, 11037, 1036, 'n', ''),
(38, 11038, 1073, 'y', '227923756870630'),
(39, 11039, 1011, 'n', ''),
(40, 11040, 1068, 'y', '7434210754'),
(41, 11042, 1002, 'n', ''),
(42, 11042, 1003, 'n', ''),
(43, 11043, 1031, 'n', ''),
(44, 11045, 1074, 'y', '7448672614'),
(45, 11047, 1011, 'n', ''),
(46, 11049, 1025, 'n', ''),
(47, 11050, 1036, 'n', ''),
(48, 11051, 1073, 'y', '7465217154'),
(49, 11052, 1009, 'n', ''),
(50, 11054, 1036, 'n', ''),
(51, 11055, 1073, 'y', '2860019625'),
(52, 11056, 1009, 'n', ''),
(53, 11058, 1007, 'n', ''),
(54, 11059, 1069, 'y', '7474802610'),
(55, 11061, 1036, 'n', ''),
(56, 11062, 1036, 'n', ''),
(57, 11063, 1011, 'n', ''),
(58, 11065, 1011, 'n', ''),
(59, 11066, 1035, 'n', ''),
(60, 11069, 1008, 'n', ''),
(61, 11070, 1036, 'n', ''),
(62, 11071, 1074, 'y', '75046 00902'),
(63, 11073, 1078, 'y', '7505528414'),
(64, 11074, 1036, 'n', ''),
(65, 11075, 1006, 'n', ''),
(66, 11076, 1036, 'n', ''),
(67, 11077, 1036, 'n', ''),
(68, 11078, 1036, 'n', ''),
(69, 11079, 1023, 'y', '7524973718'),
(70, 11080, 1074, 'y', '7527238134'),
(71, 11083, 1011, 'n', ''),
(72, 11085, 1036, 'n', ''),
(73, 11086, 1079, 'y', '2869995665'),
(74, 11086, 1082, 'y', '2869995665'),
(75, 11089, 1036, 'n', ''),
(76, 11089, 1036, 'n', ''),
(77, 11090, 1001, 'n', ''),
(78, 11090, 1001, 'n', ''),
(79, 11090, 1001, 'n', ''),
(80, 11090, 1001, 'n', ''),
(81, 11090, 1001, 'n', ''),
(82, 11090, 1001, 'n', ''),
(83, 11093, 1011, 'n', ''),
(84, 11095, 1036, 'n', ''),
(85, 11096, 1034, 'y', '7540053034'),
(86, 11098, 1036, 'y', '7543830126'),
(87, 11099, 1006, 'n', ''),
(88, 11100, 1010, 'n', ''),
(89, 11102, 1036, 'n', ''),
(90, 11103, 1032, 'n', ''),
(91, 11103, 1036, 'n', ''),
(92, 11104, 1001, 'n', ''),
(93, 11105, 1036, 'y', '7569865090'),
(94, 11106, 1003, 'y', '7572087970'),
(95, 11107, 1011, 'n', ''),
(96, 11108, 1058, 'n', ''),
(97, 11110, 1019, 'n', ''),
(98, 11115, 1001, 'y', '7579824730'),
(99, 11116, 1034, 'n', ''),
(100, 11118, 1004, 'y', '7596362278'),
(101, 11119, 1001, 'n', ''),
(102, 11119, 1001, 'n', ''),
(103, 11120, 1075, 'y', '7600097286'),
(104, 11122, 1014, 'y', '7600977314'),
(105, 11124, 1013, 'n', ''),
(106, 11124, 1016, 'n', ''),
(107, 11124, 1017, 'n', ''),
(108, 11124, 1019, 'n', ''),
(109, 11124, 1023, 'n', ''),
(110, 11124, 1025, 'n', ''),
(111, 11124, 1027, 'n', ''),
(112, 11124, 1028, 'n', ''),
(113, 11124, 1029, 'n', ''),
(114, 11124, 1031, 'n', ''),
(115, 11124, 1033, 'n', ''),
(116, 11124, 1034, 'n', ''),
(117, 11124, 1042, 'n', ''),
(118, 11124, 1062, 'n', ''),
(119, 11124, 1063, 'n', ''),
(120, 11124, 1064, 'n', ''),
(121, 11124, 1065, 'n', ''),
(122, 11124, 1066, 'n', ''),
(123, 11124, 1067, 'n', ''),
(124, 11124, 1068, 'n', ''),
(125, 11124, 1072, 'n', ''),
(126, 11124, 1075, 'n', ''),
(127, 11124, 1077, 'n', ''),
(128, 11124, 1083, 'n', ''),
(129, 11124, 1086, 'n', ''),
(130, 11125, 1011, 'n', ''),
(131, 11127, 1041, 'n', ''),
(132, 11128, 1021, 'y', '7603426882'),
(133, 11128, 1026, 'y', '7603426882'),
(134, 11132, 1041, 'n', ''),
(135, 11133, 1064, 'n', ''),
(136, 11129, 1041, 'n', ''),
(137, 11136, 1003, 'y', '7605087970'),
(138, 11137, 1017, 'n', ''),
(139, 11138, 1040, 'n', ''),
(140, 11133, 1067, 'n', ''),
(141, 11140, 1003, 'y', '7605414570'),
(142, 11140, 1005, 'y', '7605414570'),
(143, 11133, 1081, 'n', ''),
(144, 11141, 1010, 'y', '7605642614'),
(145, 11142, 1014, 'y', '7482674814'),
(146, 11143, 1014, 'y', '7572184758'),
(147, 11144, 1014, 'y', '75615690034'),
(148, 11145, 1009, 'n', ''),
(149, 11147, 1014, 'y', '7549723102'),
(150, 11151, 1001, 'n', ''),
(151, 11153, 1041, 'n', ''),
(152, 11155, 1041, 'n', ''),
(153, 11010, 1010, 'n', ''),
(154, 11159, 1041, 'n', ''),
(155, 11160, 1041, 'n', ''),
(156, 11153, 1047, 'n', ''),
(157, 11162, 1029, 'y', '7609825838'),
(158, 11164, 1021, 'y', '7610475578'),
(159, 11164, 1082, 'y', '7610475578'),
(160, 11151, 1001, 'n', ''),
(161, 11151, 1001, 'n', ''),
(162, 11165, 1014, 'y', '7491152934'),
(163, 11167, 1067, 'n', ''),
(164, 11169, 1075, 'y', '7627725782'),
(165, 11173, 1085, 'n', ''),
(166, 11174, 1014, 'y', '7388096198'),
(167, 11175, 1001, 'n', ''),
(168, 11176, 1001, 'n', ''),
(169, 11176, 1001, 'n', ''),
(170, 11173, 1085, 'n', ''),
(171, 11177, 1001, 'n', ''),
(172, 11178, 1033, 'y', '67109159405'),
(173, 11178, 1081, 'y', '67109159405'),
(174, 11178, 1082, 'y', '67109159405'),
(175, 11180, 1091, 'y', 'SBTR0000397'),
(176, 11182, 1073, 'y', '7636004462'),
(177, 11184, 1084, 'y', '7636119822'),
(178, 11185, 1084, 'y', '7636325790'),
(179, 11186, 1084, 'y', '7636441322'),
(180, 11187, 1084, 'y', '7636533414'),
(181, 11189, 1084, 'y', '7636614950'),
(182, 11190, 1073, 'y', '885090354217068'),
(183, 11191, 1041, 'n', ''),
(184, 11192, 1003, 'n', ''),
(185, 11192, 1020, 'n', ''),
(186, 11191, 1043, 'n', ''),
(187, 11191, 1092, 'n', ''),
(188, 11193, 1084, 'y', '7641762390'),
(189, 11194, 1084, 'y', '7642151630'),
(190, 11195, 1031, 'y', '7642616606'),
(191, 11197, 1092, 'n', ''),
(192, 11198, 1001, 'n', ''),
(193, 11199, 1084, 'y', '7643635426'),
(194, 11200, 1084, 'y', '7643844178'),
(195, 11201, 1084, 'y', '7643924566'),
(196, 11202, 1073, 'n', ''),
(197, 11204, 1011, 'n', ''),
(198, 11206, 1084, 'y', '7646305338'),
(199, 11207, 1036, 'n', ''),
(200, 11208, 1088, 'n', ''),
(201, 11209, 1062, 'n', ''),
(202, 11209, 1064, 'n', ''),
(203, 11153, 1041, 'n', ''),
(204, 11153, 1047, 'n', ''),
(205, 11211, 1041, 'n', ''),
(206, 11212, 1084, 'y', '7648381882'),
(207, 11213, 1085, 'n', ''),
(208, 11215, 1084, 'y', '7649057022'),
(209, 11221, 1064, 'n', ''),
(210, 11224, 1047, 'n', ''),
(211, 11226, 1047, 'n', ''),
(212, 11230, 1047, 'n', ''),
(213, 11231, 1084, 'y', '7651923290'),
(214, 11232, 1027, 'n', ''),
(215, 11237, 1085, 'y', '7654213550'),
(216, 11238, 1040, 'n', ''),
(217, 11238, 1082, 'n', ''),
(218, 11238, 1040, 'n', ''),
(219, 11238, 1082, 'n', ''),
(220, 11238, 1040, 'y', 'https://docs.go'),
(221, 11238, 1082, 'y', 'https://docs.go'),
(222, 11239, 1084, 'y', '7657691930'),
(223, 11240, 1068, 'n', ''),
(224, 11242, 1017, 'n', ''),
(225, 11242, 1019, 'n', ''),
(226, 11243, 1080, 'y', '7661078182'),
(227, 11243, 1081, 'y', '7661078182'),
(228, 11244, 1084, 'y', '7661343550'),
(229, 11245, 1047, 'n', ''),
(230, 11246, 1019, 'n', ''),
(231, 11246, 1020, 'n', ''),
(232, 11247, 1036, 'n', ''),
(233, 11247, 1049, 'n', ''),
(234, 11247, 1081, 'n', ''),
(235, 11248, 1047, 'n', ''),
(236, 11246, 1019, 'n', ''),
(237, 11246, 1020, 'n', ''),
(238, 11249, 1084, 'y', '7649675070'),
(239, 11250, 1094, 'n', ''),
(240, 11250, 1094, 'n', ''),
(241, 11251, 1036, 'n', ''),
(242, 11252, 1084, 'y', '7669220918'),
(243, 11253, 1084, 'y', '7669417882'),
(244, 11257, 1047, 'n', ''),
(245, 11254, 1047, 'n', ''),
(246, 11254, 1041, 'n', ''),
(247, 11254, 1041, 'n', ''),
(248, 11254, 1047, 'n', ''),
(249, 11254, 1088, 'n', ''),
(250, 11254, 1041, 'n', ''),
(251, 11254, 1047, 'n', ''),
(252, 11254, 1088, 'n', ''),
(253, 11260, 1085, 'n', ''),
(254, 11261, 1093, 'n', ''),
(255, 11262, 1093, 'n', ''),
(256, 11263, 1084, 'y', '7672444106'),
(257, 11264, 1092, 'y', '7673272066'),
(258, 11265, 1093, 'n', ''),
(259, 11266, 1064, 'n', ''),
(260, 11267, 1093, 'n', ''),
(261, 11268, 1093, 'n', ''),
(262, 11269, 1093, 'n', ''),
(263, 11270, 1001, 'n', ''),
(264, 11270, 1001, 'y', 'CT11270'),
(265, 11271, 1093, 'n', ''),
(266, 11272, 1084, 'y', 'tfgjhkl'),
(267, 11273, 1093, 'n', ''),
(268, 11274, 1085, 'n', ''),
(269, 11274, 1085, 'n', ''),
(270, 11274, 1085, 'n', ''),
(271, 11275, 1093, 'n', ''),
(272, 11274, 1085, 'n', ''),
(273, 11275, 1088, 'n', ''),
(274, 11274, 1085, 'n', ''),
(275, 11274, 1085, 'n', ''),
(276, 11276, 1093, 'n', ''),
(277, 11278, 1036, 'n', ''),
(278, 11274, 1085, 'n', ''),
(279, 11274, 1085, 'n', ''),
(280, 11237, 1085, 'y', '7679698246'),
(281, 11282, 1084, 'y', '7680706334'),
(282, 11283, 1036, 'n', ''),
(283, 11173, 1085, 'y', '7680930278'),
(284, 11274, 1085, 'y', '7681881890'),
(285, 11284, 1018, 'n', ''),
(286, 11287, 1030, 'n', ''),
(287, 11108, 1058, 'y', '7685019362'),
(288, 11108, 1089, 'y', '7685019362'),
(289, 11290, 1047, 'n', ''),
(290, 11293, 1082, 'y', '7691627322'),
(291, 11294, 1009, 'n', ''),
(292, 11297, 1085, 'y', '769835342'),
(293, 11298, 1093, 'n', ''),
(294, 11299, 1032, 'n', ''),
(295, 11299, 1036, 'n', ''),
(296, 11300, 1092, 'y', '2896849323'),
(297, 11301, 1034, 'n', ''),
(298, 11303, 1003, 'y', '7696097530'),
(299, 11304, 1085, 'y', '7696456250'),
(300, 11305, 1093, 'y', 'gdhdby'),
(301, 11308, 1034, 'y', '7697005370'),
(302, 11310, 1001, 'y', '7697033190'),
(303, -1, 1008, 'n', ''),
(304, -1, 1010, 'n', ''),
(305, 11312, 1040, 'n', ''),
(306, 11314, 1086, 'n', ''),
(307, 11315, 1084, 'y', '173837388'),
(308, 11316, 1021, 'n', ''),
(309, 11316, 1082, 'n', ''),
(310, 11316, 1086, 'n', ''),
(311, 11317, 1036, 'n', ''),
(312, 11318, 1085, 'y', '7702931578'),
(313, 11319, 1085, 'y', '7703086742'),
(314, 11321, 1085, 'y', '7703250486'),
(315, 11322, 1088, 'n', ''),
(316, 11324, 1028, 'y', '7703310102'),
(317, 11326, 1085, 'y', '7703389910'),
(318, 11327, 1032, 'y', '7703649574'),
(319, 11329, 1085, 'y', '7703729858'),
(320, 11320, 1092, 'y', '7703588810'),
(321, 11330, 1001, 'n', ''),
(322, 11318, 1036, 'n', ''),
(323, 11331, 1027, 'n', ''),
(324, 11331, 1028, 'n', ''),
(325, 11331, 1030, 'n', ''),
(326, 11331, 1046, 'n', ''),
(327, 11331, 1049, 'n', ''),
(328, 11331, 1051, 'n', ''),
(329, 11322, 1088, 'y', '7704807386'),
(330, 11328, 1027, 'n', ''),
(331, 11328, 1046, 'n', ''),
(332, 11328, 1049, 'n', ''),
(333, 11328, 1051, 'n', ''),
(334, 11251, 1036, 'n', ''),
(335, 11327, 1027, 'n', ''),
(336, 11327, 1030, 'n', ''),
(337, 11327, 1046, 'n', ''),
(338, 11327, 1049, 'n', ''),
(339, 11327, 1051, 'n', ''),
(340, 11251, 1036, 'n', ''),
(341, 11334, 1027, 'n', ''),
(342, 11334, 1046, 'n', ''),
(343, 11334, 1049, 'n', ''),
(344, 11334, 1051, 'n', ''),
(345, 11274, 1027, 'n', ''),
(346, 11274, 1046, 'n', ''),
(347, 11274, 1049, 'n', ''),
(348, 11274, 1051, 'n', ''),
(349, 11335, 1032, 'y', '609683'),
(350, 11274, 1030, 'n', ''),
(351, 11337, 1069, 'n', ''),
(352, 11337, 1071, 'n', ''),
(353, 11339, 1068, 'y', '7706382954'),
(354, 11341, 1001, 'y', '7706441738'),
(355, 11342, 1085, 'y', '7707253894'),
(356, 11331, 1044, 'n', ''),
(357, 11343, 1036, 'n', ''),
(358, 11344, 1043, 'y', '9633150988'),
(359, 11345, 1002, 'y', '7708640634'),
(360, 11349, 1093, 'n', ''),
(361, 11350, 1006, 'y', '7712122482'),
(362, 11352, 1001, 'n', ''),
(363, 11352, 1003, 'n', ''),
(364, 11353, 1010, 'n', ''),
(365, 11353, 1008, 'n', ''),
(366, 11354, 1020, 'n', ''),
(367, 11354, 1024, 'n', ''),
(368, 11354, 1027, 'n', ''),
(369, 11354, 1028, 'n', ''),
(370, 11356, 1005, 'y', '7713338434'),
(371, 11357, 1014, 'y', '7713666850'),
(372, 11317, 1085, 'y', '7713728254'),
(373, 11358, 1015, 'n', ''),
(374, 11359, 1068, 'y', '7713788426'),
(375, 11360, 1001, 'n', ''),
(376, 11361, 1084, 'y', '2900436233'),
(377, 11362, 1084, 'y', '2900529440'),
(378, 11363, 1085, 'y', '7691724718'),
(379, 11365, 1080, 'n', ''),
(380, 11365, 1081, 'n', ''),
(381, 11366, 1084, 'y', '2900866583'),
(382, 11368, 1001, 'n', ''),
(383, 11369, 1093, 'y', '7725676374'),
(384, 11370, 1032, 'y', '7725748366'),
(385, 11372, 1093, 'y', '7726236722'),
(386, 11373, 1001, 'n', ''),
(387, 11375, 1040, 'n', ''),
(388, 11375, 1055, 'n', ''),
(389, 11245, 1047, 'n', ''),
(390, 11248, 1047, 'n', ''),
(391, 11376, 1093, 'y', '7727720634'),
(392, 11377, 1079, 'y', '7728426218'),
(393, 11377, 1084, 'y', '7728426218'),
(394, 11378, 1093, 'y', '7728529354'),
(395, 11379, 1036, 'n', ''),
(396, 11380, 1086, 'n', ''),
(397, 11381, 1093, 'n', ''),
(398, 11382, 1084, 'y', '772881166'),
(399, 11383, 1086, 'n', ''),
(400, 11384, 1093, 'y', '7729052950'),
(401, 11385, 1084, 'y', '7729055098'),
(402, 11386, 1093, 'y', '7729205954'),
(403, 11387, 1093, 'n', ''),
(404, 11388, 1086, 'n', ''),
(405, 11389, 1086, 'n', ''),
(406, 11390, 1086, 'n', ''),
(407, 11391, 1086, 'n', ''),
(408, 11392, 1084, 'y', '7729531930'),
(409, 11393, 1086, 'n', ''),
(410, 11394, 1036, 'n', ''),
(411, 11394, 1093, 'n', ''),
(412, 11395, 1086, 'n', ''),
(413, 11396, 1002, 'n', ''),
(414, 11397, 1093, 'y', '7729663188'),
(415, 11398, 1084, 'y', '77297330422'),
(416, 11381, 1093, 'n', ''),
(417, 11399, 1086, 'n', ''),
(418, 11400, 1093, 'n', ''),
(419, 11401, 1086, 'n', ''),
(420, 11402, 1086, 'n', ''),
(421, 11403, 1093, 'n', ''),
(422, 11404, 1093, 'n', ''),
(423, 11405, 1093, 'y', '7730210338'),
(424, 11406, 1001, 'n', ''),
(425, 11406, 1002, 'n', ''),
(426, 11406, 1003, 'n', ''),
(427, 11408, 1093, 'n', ''),
(428, 11409, 1093, 'n', ''),
(429, 11410, 1015, 'n', ''),
(430, 11412, 1043, 'n', ''),
(431, 11407, 1003, 'n', ''),
(432, 11414, 1084, 'y', '7730955078'),
(433, 11415, 1093, 'y', '7730976188'),
(434, 11416, 1086, 'n', ''),
(435, 11417, 1084, 'y', '7731346418'),
(436, 11418, 1093, 'n', ''),
(437, 11419, 1084, 'y', '7731565302'),
(438, 11420, 1043, 'n', ''),
(439, -1, 1084, 'y', '7731713946'),
(440, 11423, 1058, 'n', ''),
(441, 11425, 1093, 'y', '7722952914'),
(442, 11426, 1093, 'n', ''),
(443, 11427, 1093, 'y', '7731754490'),
(444, 11369, 1093, 'y', '7725674782'),
(445, 11428, 1001, 'n', ''),
(446, 11430, 1093, 'n', ''),
(447, 11431, 1001, 'n', ''),
(448, 11432, 1084, 'y', '7732167198'),
(449, 11372, 1093, 'y', '7726235018'),
(450, 11433, 1093, 'n', ''),
(451, 11434, 1084, 'y', '7732424814'),
(452, 11435, 1093, 'n', ''),
(453, 11436, 1055, 'n', ''),
(454, 11437, 1084, 'y', '7732647826'),
(455, 11438, 1030, 'y', '7732656294'),
(456, 11438, 1091, 'y', '7732656294'),
(457, 11440, 1084, 'y', '7732752730'),
(458, 11441, 1084, 'y', '7732842258'),
(459, 11442, 1093, 'n', ''),
(460, 11443, 1084, 'y', '7733188350'),
(461, 11444, 1084, 'y', '7733336414'),
(462, 11445, 1005, 'n', ''),
(463, 11445, 1020, 'n', ''),
(464, 11447, 1093, 'n', ''),
(465, 11448, 1084, 'y', '7733652342'),
(466, 11449, 1001, 'n', ''),
(467, 11450, 1024, 'n', ''),
(468, 11451, 1003, 'y', '7734222846'),
(469, 11452, 1093, 'y', '7734220574'),
(470, 11453, 1001, 'y', '7734256478'),
(471, 11313, 1042, 'n', ''),
(472, 11454, 1042, 'n', ''),
(473, 11456, 1093, 'y', '7734582554'),
(474, 11457, 1093, 'n', ''),
(475, 11454, 1042, 'y', '7735100902'),
(476, 11458, 1084, 'y', '7735101014'),
(477, 11459, 1001, 'n', ''),
(478, 11129, 1075, 'y', '7735151138'),
(479, 11460, 1020, 'y', '7735252690'),
(480, 11461, 1037, 'y', 'Txn ID'),
(481, 11462, 1091, 'y', '7735412010'),
(482, 11463, 1093, 'n', ''),
(483, 11464, 1001, 'n', ''),
(484, 11464, 1003, 'n', ''),
(485, 11464, 1005, 'n', ''),
(486, 11464, 1001, 'n', ''),
(487, 11464, 1003, 'n', ''),
(488, 11465, 1009, 'y', '7735688646'),
(489, 11465, 1023, 'y', '7735688646'),
(490, 11467, 1001, 'n', ''),
(491, 11467, 1003, 'n', ''),
(492, 11468, 1084, 'y', '7735867778'),
(493, 11315, 1084, 'y', '7735931378'),
(494, 11469, 1084, 'y', '7735965838'),
(495, 11471, 1084, 'y', '7735997714'),
(496, 11472, 1082, 'n', ''),
(497, 11373, 1001, 'n', ''),
(498, 11473, 1084, 'y', '7736045586'),
(499, 11474, 1084, 'y', '7736078238'),
(500, 11475, 1084, 'y', '7736102326'),
(501, 11476, 1036, 'n', ''),
(502, 11477, 1021, 'n', ''),
(503, 11479, 1036, 'y', '7736392314'),
(504, 11482, 1008, 'n', ''),
(505, 11482, 1010, 'n', ''),
(506, 11486, 1003, 'n', ''),
(507, 11487, 1003, 'y', '1111111'),
(508, 11484, 1002, 'n', ''),
(509, 11484, 1006, 'n', ''),
(510, 11488, 1001, 'n', ''),
(511, 11490, 1001, 'n', ''),
(512, 11490, 1002, 'n', ''),
(513, 11496, 1017, 'n', ''),
(514, 11496, 1019, 'n', ''),
(515, 11496, 1017, 'n', ''),
(516, 11496, 1019, 'n', ''),
(517, 11499, 1084, 'y', '7739245598'),
(518, 11500, 1093, 'n', ''),
(519, 11501, 1093, 'n', ''),
(520, 11502, 1085, 'n', ''),
(521, 11502, 1090, 'n', ''),
(522, 11265, 1093, 'y', '7742790370'),
(523, 11503, 1093, 'n', ''),
(524, 11492, 1034, 'y', '7743075250'),
(525, 11505, 1093, 'n', ''),
(526, 11506, 1093, 'n', ''),
(527, 11507, 1093, 'n', ''),
(528, 11508, 1093, 'n', ''),
(529, 11509, 1093, 'n', ''),
(530, 11510, 1093, 'n', ''),
(531, 11511, 1039, 'n', ''),
(532, 11513, 1034, 'n', ''),
(533, 11516, 1036, 'n', ''),
(534, 11517, 1093, 'n', ''),
(535, 11518, 1084, 'y', '7745859098'),
(536, 11519, 1093, 'n', ''),
(537, 11520, 1084, 'y', '7746062142'),
(538, 11521, 1093, 'n', ''),
(539, 11522, 1093, 'n', ''),
(540, 11523, 1093, 'n', ''),
(541, 11524, 1093, 'n', ''),
(542, 11525, 1093, 'n', ''),
(543, 11526, 1093, 'n', ''),
(544, 11527, 1093, 'n', ''),
(545, 11528, 1081, 'n', ''),
(546, 11529, 1093, 'n', ''),
(547, 11530, 1001, 'n', ''),
(548, 11531, 1012, 'y', '7749216938'),
(549, 11532, 1084, 'y', '7748994746'),
(550, 11415, 1093, 'y', '7730976118'),
(551, 11049, 1024, 'n', ''),
(552, 11324, 1095, 'n', ''),
(553, 11533, 1032, 'n', ''),
(554, 11533, 1095, 'n', ''),
(555, 11534, 1016, 'n', ''),
(556, 11535, 1095, 'n', ''),
(557, 11536, 1030, 'y', '7748569126'),
(558, 11540, 1093, 'n', ''),
(559, 11541, 1036, 'y', '7755242126'),
(560, 11542, 1093, 'y', '9207495370'),
(561, 11543, 1056, 'n', ''),
(562, 11543, 1079, 'n', ''),
(563, 11545, 1002, 'y', '7757275562'),
(564, 11546, 1038, 'n', ''),
(565, 11542, 1093, 'y', '7757913322'),
(566, 11547, 1085, 'y', '7758037854'),
(567, 11089, 1036, 'n', ''),
(568, 11550, 1051, 'y', '7758612054'),
(569, 11555, 1093, 'y', '7758893714'),
(570, 11556, 1093, 'y', '7759443062'),
(571, 11559, 1093, 'y', '7759736178'),
(572, -1, 1093, 'y', '7759874242'),
(573, 11561, 1087, 'n', ''),
(574, 11562, 1087, 'n', ''),
(575, 11563, 1087, 'n', ''),
(576, 11564, 1077, 'y', '2907782834'),
(577, 11564, 1078, 'y', '2907782834'),
(578, 11566, 1087, 'n', ''),
(579, 11314, 1087, 'n', ''),
(580, 11568, 1087, 'n', ''),
(581, 11569, 1087, 'n', ''),
(582, 11570, 1093, 'y', '707312292876'),
(583, 11571, 1008, 'n', ''),
(584, 11571, 1019, 'n', ''),
(585, 11573, 1083, 'y', '7760580534'),
(586, 11405, 1093, 'y', 'CT11405'),
(587, 11572, 1036, 'n', ''),
(588, 11572, 1093, 'n', ''),
(589, 11571, 1008, 'n', ''),
(590, 11571, 1019, 'n', ''),
(591, 11575, 1075, 'y', '2907897978'),
(592, 11575, 1077, 'y', '2907897978'),
(593, 11577, 1093, 'y', '7761022166'),
(594, 11574, 1093, 'y', '7760844294'),
(595, 11578, 1083, 'y', '7760962006'),
(596, 11580, 1087, 'n', ''),
(597, 11581, 1093, 'y', '7761383698'),
(598, 11582, 1018, 'y', '7762147910'),
(599, 11583, 1016, 'n', ''),
(600, 11584, 1091, 'y', '7762546638'),
(601, 11585, 1036, 'y', '7762593026'),
(602, 11557, 1036, 'n', ''),
(603, 11557, 1081, 'n', ''),
(604, 11586, 1093, 'n', ''),
(605, 11587, 1093, 'n', ''),
(606, 11074, 1066, 'n', ''),
(607, 11590, 1093, 'y', '7763611266'),
(608, 11591, 1093, 'n', ''),
(609, 11592, 1093, 'y', '7764260682'),
(610, 11593, 1002, 'y', '7764341026'),
(611, 11594, 1093, 'y', '7764472670'),
(612, 11477, 1022, 'n', ''),
(613, 11477, 1086, 'n', ''),
(614, 11595, 1036, 'y', '7765221658'),
(615, 11595, 1091, 'y', '7765221658'),
(616, 11596, 1036, 'n', ''),
(617, 11597, 1092, 'n', ''),
(618, 11598, 1092, 'n', ''),
(619, 11600, 1016, 'n', ''),
(620, 11600, 1028, 'n', ''),
(621, 11600, 1031, 'n', ''),
(622, 11601, 1032, 'n', ''),
(623, 11604, 1036, 'n', ''),
(624, 11016, 1016, 'n', ''),
(625, 11016, 1021, 'n', ''),
(626, 11016, 1022, 'n', ''),
(627, 11016, 1024, 'n', ''),
(628, 11016, 1025, 'n', ''),
(629, 11016, 1028, 'n', ''),
(630, 11016, 1032, 'n', ''),
(631, 11016, 1033, 'n', ''),
(632, 11016, 1036, 'n', ''),
(633, 11016, 1052, 'n', ''),
(634, 11016, 1076, 'n', ''),
(635, 11016, 1079, 'n', ''),
(636, 11016, 1082, 'n', ''),
(637, 11016, 1095, 'n', ''),
(638, 11605, 1036, 'n', ''),
(639, 11606, 1016, 'n', ''),
(640, 11606, 1036, 'n', ''),
(641, 11606, 1057, 'n', ''),
(642, 11606, 1072, 'n', ''),
(643, 11606, 1082, 'n', ''),
(644, 11607, 1016, 'y', '7768297778'),
(645, 11608, 1009, 'n', ''),
(646, 11610, 1053, 'n', ''),
(647, 11576, 1016, 'y', '1'),
(648, 11576, 1016, 'y', '7768552829'),
(649, 11608, 1010, 'n', ''),
(650, 11612, 1085, 'y', '7768829258'),
(651, 11613, 1079, 'y', '7768932926'),
(652, 11613, 1082, 'y', '7768932926'),
(653, 11614, 1093, 'y', '7768824146'),
(654, 11615, 1036, 'n', ''),
(655, 11616, 1033, 'n', ''),
(656, 11615, 1036, 'n', ''),
(657, 11618, 1032, 'n', ''),
(658, 11619, 1020, 'y', '7769493178'),
(659, 11620, 1090, 'n', ''),
(660, 11621, 1041, 'n', ''),
(661, 11622, 1090, 'n', ''),
(662, 11621, 1041, 'n', ''),
(663, 11540, 1093, 'y', '615664053227073'),
(664, 11623, 1036, 'n', ''),
(665, 11624, 1002, 'n', ''),
(666, 11628, 1017, 'n', ''),
(667, 11628, 1054, 'n', ''),
(668, 11459, 1032, 'n', ''),
(669, 11629, 1005, 'n', ''),
(670, 11630, 1081, 'y', '7770888358'),
(671, 11630, 1085, 'y', '7770888358'),
(672, 11453, 1093, 'y', '7770829342'),
(673, 11631, 1085, 'y', '7770924510'),
(674, 11423, 1095, 'n', ''),
(675, 11632, 1085, 'y', '7771089118'),
(676, 11633, 1075, 'y', '7771096982'),
(677, 11635, 1036, 'n', ''),
(678, 11638, 1002, 'y', '695363239237073'),
(679, 11639, 1060, 'n', ''),
(680, 11640, 1082, 'y', '7771494578'),
(681, 11640, 1093, 'y', '7771494578'),
(682, 11641, 1002, 'n', ''),
(683, 11642, 1002, 'y', '572901723'),
(684, 11643, 1034, 'n', ''),
(685, 11645, 1002, 'y', '7773333302'),
(686, 11645, 1005, 'y', '7773333302'),
(687, 11646, 1093, 'n', ''),
(688, 11647, 1036, 'n', ''),
(689, 11648, 1093, 'n', ''),
(690, 11649, 1036, 'n', ''),
(691, 11650, 1036, 'n', ''),
(692, 11651, 1085, 'y', '7778315150'),
(693, 11653, 1036, 'n', ''),
(694, 11636, 1041, 'n', ''),
(695, 11156, 1002, 'n', ''),
(696, 11156, 1004, 'n', ''),
(697, 11156, 1006, 'n', ''),
(698, 11658, 1093, 'y', '7779191194'),
(699, 11658, 1093, 'y', '777'),
(700, 11659, 1093, 'n', ''),
(701, 11660, 1093, 'n', ''),
(702, 11661, 1048, 'n', ''),
(703, 11664, 1093, 'y', 'test'),
(704, 11665, 1030, 'n', ''),
(705, 11667, 1093, 'y', '7782749054'),
(706, 11668, 1093, 'y', '7782907126'),
(707, 11670, 1093, 'y', '7783034074'),
(708, 11671, 1030, 'n', ''),
(709, 11673, 1036, 'n', ''),
(710, 11674, 1093, 'y', '7783317302'),
(711, 11676, 1093, 'n', ''),
(712, 11676, 1093, 'n', ''),
(713, 11676, 1093, 'n', ''),
(714, 11676, 1093, 'n', ''),
(715, 11676, 1093, 'n', ''),
(716, 11676, 1093, 'n', ''),
(717, 11677, 1036, 'n', ''),
(718, 11615, 1036, 'n', ''),
(719, 11681, 1040, 'n', ''),
(720, 11683, 1004, 'y', '7785653702'),
(721, 11685, 1061, 'n', ''),
(722, 11687, 1030, 'n', ''),
(723, 11689, 1086, 'y', '7786687398'),
(724, 11690, 1030, 'n', ''),
(725, 11691, 1030, 'n', ''),
(726, 11691, 1082, 'n', ''),
(727, 11693, 1036, 'n', ''),
(728, 11694, 1092, 'n', ''),
(729, 11695, 1092, 'n', ''),
(730, 11694, 1028, 'n', ''),
(731, 11696, 1036, 'y', '7788576086'),
(732, 11696, 1043, 'y', '7788576086'),
(733, 11699, 1091, 'y', '7790301722'),
(734, 11700, 1091, 'n', ''),
(735, 11701, 1091, 'y', '7790829034'),
(736, 11702, 1062, 'n', ''),
(737, 11702, 1063, 'n', ''),
(738, 11702, 1064, 'n', ''),
(739, 11702, 1066, 'n', ''),
(740, 11702, 1067, 'n', ''),
(741, 11704, 1047, 'n', ''),
(742, 11704, 1082, 'n', ''),
(743, 11705, 1088, 'y', '7791092826'),
(744, 11707, 1018, 'y', '7791340766'),
(745, 11708, 1023, 'y', '7791570122'),
(746, 11708, 1086, 'y', '7791570122'),
(747, 11709, 1006, 'n', ''),
(748, 11711, 1023, 'y', '7792196530'),
(749, 11711, 1086, 'y', '7792196530'),
(750, 11712, 1023, 'y', '7792289278'),
(751, 11712, 1086, 'y', '7792289278'),
(752, 11713, 1023, 'y', '7792388686'),
(753, 11713, 1024, 'y', '7792388686'),
(754, 11714, 1018, 'y', '7792487814'),
(755, 11714, 1021, 'y', '7792487814'),
(756, 11714, 1086, 'y', '7792487814'),
(757, 11714, 1098, 'y', '7792487814'),
(758, 11716, 1087, 'y', '7792656374'),
(759, 11671, 1030, 'n', ''),
(760, 11718, 1021, 'y', '7792844946'),
(761, 11718, 1023, 'y', '7792844946'),
(762, 11718, 1086, 'y', '7792844946'),
(763, 11719, 1021, 'y', '7793069402'),
(764, 11719, 1086, 'y', '7793069402'),
(765, 11704, 1047, 'n', ''),
(766, 11704, 1082, 'n', ''),
(767, 11720, 1082, 'n', ''),
(768, 11721, 1021, 'y', '7793412038'),
(769, 11721, 1086, 'y', '7793412038'),
(770, 11671, 1030, 'n', ''),
(771, 11722, 1026, 'y', '7793591206'),
(772, 11722, 1086, 'y', '7793591206'),
(773, 11720, 1016, 'n', ''),
(774, 11720, 1082, 'n', ''),
(775, 11648, 1090, 'n', ''),
(776, 11723, 1086, 'y', 'midhun lal s'),
(777, 11723, 1087, 'y', 'midhun lal s'),
(778, 11723, 1091, 'y', 'midhun lal s'),
(779, 11724, 1003, 'n', ''),
(780, 11725, 1036, 'n', ''),
(781, 11726, 1036, 'n', ''),
(782, 11727, 1036, 'n', ''),
(783, 11728, 1057, 'n', ''),
(784, 11728, 1060, 'n', ''),
(785, 11729, 1062, 'n', ''),
(786, 11729, 1064, 'n', ''),
(787, 11732, 1041, 'y', '7796334386'),
(788, 11720, 1034, 'n', ''),
(789, 11735, 1055, 'n', ''),
(790, 11735, 1055, 'n', ''),
(791, 11386, 1082, 'y', '7796638042'),
(792, 11737, 1019, 'y', '7796888846'),
(793, 11737, 1027, 'y', '7796888846'),
(794, 11740, 1036, 'n', ''),
(795, 11685, 1028, 'n', ''),
(796, 11743, 1028, 'n', ''),
(797, 11746, 1036, 'n', ''),
(798, 11747, 1095, 'n', ''),
(799, 11671, 1030, 'n', ''),
(800, 11750, 1064, 'n', ''),
(801, 11751, 1030, 'n', ''),
(802, 11753, 1033, 'y', '7800304418'),
(803, 11758, 1016, 'n', ''),
(804, 11758, 1060, 'n', ''),
(805, 11758, 1060, 'n', ''),
(806, 11759, 1067, 'n', ''),
(807, 11760, 1064, 'n', ''),
(808, 11762, 1036, 'n', ''),
(809, 11763, 1003, 'y', '7801235470'),
(810, 11767, 1064, 'n', ''),
(811, 11765, 1047, 'n', ''),
(812, 11765, 1064, 'n', ''),
(813, 11770, 1041, 'n', ''),
(814, 11758, 1060, 'n', ''),
(815, 11772, 1036, 'n', ''),
(816, 11421, 1041, 'n', ''),
(817, 11772, 1036, 'n', ''),
(818, 11773, 1041, 'n', ''),
(819, 11773, 1041, 'n', ''),
(820, 11777, 1041, 'n', ''),
(821, 11779, 1091, 'y', '1234'),
(822, 11781, 1091, 'y', '12345'),
(823, 11782, 1060, 'n', ''),
(824, 11783, 1091, 'y', '123456'),
(825, 11784, 1060, 'n', ''),
(826, 11785, 1091, 'y', '1234567'),
(827, 11786, 1060, 'n', ''),
(828, 11787, 1032, 'y', '7803334786'),
(829, 11789, 1021, 'n', ''),
(830, 11789, 1023, 'n', ''),
(831, 11789, 1066, 'n', ''),
(832, 11790, 1060, 'n', ''),
(833, 11791, 1019, 'y', '7803525762'),
(834, 11793, 1028, 'n', ''),
(835, 11793, 1037, 'n', ''),
(836, 11793, 1057, 'n', ''),
(837, 11793, 1058, 'n', ''),
(838, 11793, 1083, 'n', ''),
(839, 11645, 1003, 'n', '');

-- --------------------------------------------------------

--
-- Table structure for table `participants`
--

CREATE TABLE IF NOT EXISTS `participants` (
  `id` int(10) NOT NULL AUTO_INCREMENT,
  `name` varchar(50) NOT NULL,
  `college` varchar(100) NOT NULL,
  `phone` varchar(15) NOT NULL,
  `gender` char(2) NOT NULL,
  `accommodation` char(2) NOT NULL,
  `email` varchar(100) NOT NULL,
  PRIMARY KEY (`id`),
  UNIQUE KEY `phone` (`phone`),
  UNIQUE KEY `email` (`email`)
) ENGINE=InnoDB  DEFAULT CHARSET=latin1 AUTO_INCREMENT=11795 ;

--
-- Dumping data for table `participants`
--

INSERT INTO `participants` (`id`, `name`, `college`, `phone`, `gender`, `accommodation`, `email`) VALUES
(11001, 'febin c', 'tkmit', '9961727512', 'm', 'y', 'febinc1996gmail.com'),
(11002, 'Jayant Raj Mohwn', 'Amrita School of Arts and Scie', '9072182491', 'm', 'n', 'jayantr011@gmail.com'),
(11003, 'Athul Pramod', 'Amrita School of Arts and Scie', '9072172491', 'm', 'n', 'jaymejay220@gmail.com'),
(11004, 'NEETHU ELSA ANIL', 'SREE BUDDHA COLLEGE OF ENGINEE', '9495502401', 'f', 'n', 'aniljohn101@gmail.com'),
(11005, 'Fgb', 'Cgbbj', 'Fgbbbjj', 'm', 'n', 'fgvv@cvvb'),
(11006, 'Scf', 'Ddd', 'Ddda', 'm', 'n', 'sfff@dfgg'),
(11007, 'Dds', '@', 'Ascf', 'm', 'n', 'ddccc@fgg'),
(11008, 'Nimisha Scaria', 'Assumption College, Changanach', '9746626400', 'f', 'n', 'nimishascaria@gmail.com'),
(11009, 'AKSHAY RAM P P', 'GEC thrissur', '9946278011', 'm', 'y', 'akzayram191@gmail.com'),
(11010, 'GOKUL BIJU', 'N.S.S. COLLEGE OF ENGINEERING PALAKKAD', '9495671681', 'm', 'y', 'gokulcreattis@gmail.com'),
(11011, 'PRAVEEN DAS K P', 'N.S.S COLLEGE OF ENGINEERING PALAKKAD', '7736565798', 'm', 'n', 'daspraveen655@gmail.com'),
(11012, 'Meril maria mathew', 'College of architecture Trivandrum', '86065 94123', 'f', 'n', 'merilmaria96@yahoo.com'),
(11013, 'Madhuraj PK ', 'Pondicherry University ', '8547867160 ', 'm', 'y', 'madhurajpk45@gmail.com'),
(11014, 'Sreeraj k warrier', 'Tkm collage of engineering', '9497142829', 'm', 'n', 'sreerajkwarrier@gmail.com'),
(11015, 'Akshay p', 'Tkm collage of engineering', '8594094911', 'm', 'n', 'akshaypcalicut@gmail.com'),
(11016, 'MELVIN MARTIN', 'MBC PEERMADE', '8943215943', 'm', 'y', 'melvinvm1998@gmail.com'),
(11017, 'Vivek Rakotu', 'Jawaharlal Nehru Architecture and Fine Arts University', '9849342868', 'm', 'n', 'vivek.rakotu_vizag@ymail.com'),
(11018, 'Prabhakaran.E', 'Jawaharlal Nehru Architecture and Fine Arts University', '9840100368', 'm', 'n', 'jkbkaran@gmail.com'),
(11019, '\\''', 'asas', '\\''', 'm', 'y', '123@456.com'),
(11020, 'Basim Ahammad A K', 'TKM College of Engineering', '9497296368', 'm', 'n', 'basimmaskan@gmail.com'),
(11021, 'ANWAR', 'R.I.T KOTTAYAM', '9567629197', 'm', 'n', 'abdulanwar92@gmail.com'),
(11022, 'ARAVIND', 'R.I.T', '9497342208', 'm', 'n', 'aravindashok@gmail.com'),
(11023, 'Kevin Shaji', 'Model Engineering College, Thrikkakara', '+918606565909', 'm', 'y', 'kvnshaji@gmail.com'),
(11024, 'Anand A Warrier', 'Model Engineering College, Thrikkakara', '+919400891982', 'm', 'n', 'anandawarrier5@gmail.com'),
(11025, '123', '123', '13', 'm', 'y', '123@gmail.com'),
(11027, 'qwdeqwd', 'werw', '89', 'm', 'y', 'fgds@gmail.com'),
(11028, 'Anandakrishnan.B', 'Scms', '7012044711', 'm', 'y', 'fk-2720@scmsgroup.org'),
(11029, 'RUCHI. K', 'SATHYABAMA UNIVERSITY, CHENNAI', '9443135818', 'f', 'y', 'ruch.porwal@gmail.com'),
(11030, 'MAHA SWETHA. T', 'SATHYABAMA UNIVERSITY, CHENNAI', '9489503897', 'f', 'n', 'mahaswea@gmail.com'),
(11031, 'Biju Salin', 'College of Applied Science Vadakkenchery', '9497122938', 'm', 'y', 'bijusalin@gmail.com'),
(11032, 'Nivya Mary', 'Kerala Law Academy Law College', '8281908961', 'f', 'n', 'nivyamary96@gmail.com'),
(11033, 'Abÿ Joy', 'ICA', '9567879410', 'm', 'n', 'abyjoy95@gmail.com'),
(11034, 'Alka Mary Jacob', 'Karunya University ', '8124804239', 'f', 'n', 'alka.m.jacob@gmail.com'),
(11035, 'Susmita Suresh', 'Karunya University', '9629867500', 'f', 'n', 'susmitasureshkakkanattu@karunya.edu.in'),
(11036, 'Vyshak mohandas', 'Tkm college ', '8590487836', 'm', 'n', 'write2vyshak@gmail.com'),
(11037, 'Sarath sasidharan', 'College of engineering chengannur', '9895631949', 'm', 'n', 'sarath2271997@gmail.com'),
(11038, 'Benjoy C Joy', 'College of Architecture, Trivandrum', '9495988160', 'm', 'n', 'ben10roadrash@gmail.com'),
(11039, 'Giridhar Penubaka', 'NIT Calicut', '8137911221', 'm', 'y', 'crew.nitc@gmail.com'),
(11040, 'Kevin Jacob ', 'Karunya University ', '9025648933', 'm', 'y', 'kevinjacob@karunya.edu.in'),
(11041, 'V. Madhu Kishore', 'Karunya University ', '8015115814', 'm', 'n', 'vemurimadhukishore@karunya.edu.in'),
(11042, 'athul sreeva', 'zamorians guruvayurappan college', '9605947716', 'm', 'y', 'svathul0@gmail.com'),
(11043, 'Sonu Feroz', 'TKMCE', '9495769773', 'f', 'n', 'sonuferoz265@gmail.com'),
(11044, 'Srichitra S', 'TKMCE', '9447473514', 'f', 'n', 'chitrasri.96@gmail.com'),
(11045, 'VISHNU J', 'BISHOP JEROME SCHOOL OF ARCHITECTURE', '9744219737', 'm', 'y', 'ukrcks@gmail.com'),
(11046, 'JACOB JOHAR', 'BISHOP JEROME SCHOOL OF ARCHITECTURE', '7560870899', 'm', 'n', 'jacobjohar28@gmail.com'),
(11047, 'Thomas kevin', 'vidya academy of science and technology thrissur', '8281189361', 'm', 'y', 'thomaskevin1995@gmail.com'),
(11048, 'Anoop k', 'vidya academy of science and technology thrissur', '8593943878', 'm', 'n', 'anoopnandakumark@gmail.com'),
(11049, 'Vrinda jose', 'Tkmce', '9562310972', 'f', 'n', 'vrinda.331996@gmail.com'),
(11050, 'ABHISHEK VINOD', 'TKM COLLEGE OF ENGINEERING', '7025527271', 'm', 'n', 'abhishekvinod8@gmail.com'),
(11051, 'SHREYA ARORA', 'RV College of Architecture', '9535429137', 'f', 'n', 'shreya181293@gmail.com'),
(11052, 'SHAMNA M', 'College of Enginering, Poonjar', '9633362686', 'f', 'y', 'Shamna1795@gmail.com'),
(11053, 'AISHWARYA JAYAN', 'College of Engineering, Poonjar', '8714144575', 'f', 'n', 'ash.aiswaryajayan@gmail.com'),
(11054, 'Muhammad Jaisal P P', 'CE Aranmula', '9562573167', 'm', 'n', 'muhammadjaisal96@gmail.com'),
(11055, 'Naveena Mariam Jacob', 'College of Engineering Trivandrum', '8129834803', 'f', 'n', 'naveenajacob@gmail.com'),
(11056, 'MOHAMMED DILSHAD V M', 'College of Engineering, Poonjar', '9562785359', 'm', 'y', 'dilshad.vm06@gmail.com'),
(11057, 'NITHIN V', 'College of Engineering, Poonjar', '9605653116', 'm', 'n', 'nithinvmavoor@gmail.com'),
(11058, 'Joseph Darryl Gaulbert', 'Siena College of Professional Studies, Edakochi', '8129889303', 'm', 'n', 'darrylgaulbert@gmail.com'),
(11059, 'MILAN JOSE', 'ERODE SENGUNTHAR ENGINEERING COLLEGE', '8301006718', 'm', 'y', 'mjkomban07@gmail.com'),
(11060, 'EDWIN CHAKKAPPAN', 'ERODE SENGUNTHAR ENGINEERING COLLEGE ', '9496022275', 'm', 'n', 'edwinchakkappan777@gmail.com'),
(11061, 'Hw', 'Gsu', '68', 'm', 'y', 'a@gmail.com'),
(11062, 'Abdallah Muhamed Nishtar', 'C.H.M.M.COLLEGE FOR ADVANCED STUDIES', '9847740677', 'm', 'n', 'itsabduyaar@gmail.com'),
(11063, 'Akshay Ajith', 'CET', '9995324585', 'm', 'n', 'akajith1704@gmail.com'),
(11064, '', '', '', '', 'n', ''),
(11065, 'Albert William ', 'Jyothi engineering college cheruthuruthi, thrissur ', '8289917252 ', 'm', 'y', 'midhu1212@gmail.com'),
(11066, 'Akash D', 'CET Trivandrum', '8281685742', 'm', 'y', 'akashappu03@gmail.com'),
(11069, 'Sreekutty R', 'Assumption college Changanacherry ', '9605403013', 'f', 'n', 'sreekuttytky878@gmail.com'),
(11070, 'Alfred J Stanley', 'Younus college of engineering , Kollam', '9846959014', 'm', 'n', 'alfredj.stanley@yahoo.com'),
(11071, 'Midhun George', 'Tkm college of engineering', '9496034288', 'm', 'n', 'midhungeorge2012@gmail.com'),
(11072, 'Hrishikesh C', 'Tkm college of engineering', '9567049969', 'm', 'n', 'hrishikesh.c97@gmail.com'),
(11073, 'Maker\\''s 46', 'Sathyabama University', '8754724410', 'm', 'y', 'dennydrdk@gmail.com'),
(11074, 'Ardra V H', 'CET,tvm', '9495686421', 'f', 'n', 'ardrachess@gmail.com'),
(11075, 'The Wave Theory', 'Govt polytechnic college kottiyam', '8592849595', 'm', 'n', 'thewavetheorytwt@gmail.com'),
(11076, 'CHARLS SAVO', 'TKMCE', '8129860064', 'm', 'n', 'charlssavo006@gmail.com'),
(11077, 'ANURAJ P', 'TKMCE', '9562698675', 'm', 'n', 'anurajdhinesh@gmail.com'),
(11078, 'DHEERAJ R PRASAD', 'TKMCE', '9496082575', 'm', 'n', 'rp.dhiju@gmail.com'),
(11079, 'Vandana kiran', 'Tkmce', '9495271737', 'f', 'n', 'kiranpreetha4@gmail.com'),
(11080, 'Parvathy Murukesan', 'Tkm college of engineering', '8111867592', 'f', 'n', 'parvathyvmurukesan@gmail.com'),
(11082, 'Nikhila Nelson', 'Tkm college of engineering', '7025135739', 'f', 'n', 'niksnikhila7@gmail.com'),
(11083, 'Abhilash M Nair', 'Gec thrissur', '9746182818', 'm', 'y', 'abhilashmn404@gmail.com'),
(11084, 'Nikhil j k', 'Gec Thrissur', '9495978734', 'm', 'n', 'nikhiljk@gmail.com'),
(11085, 'Mridul Mathew Mohan', 'St.Thomas College of Engineering and Technology', '8281611635', 'm', 'n', 'mridulmathewmohan@gmail.com'),
(11086, 'Arun s', 'Christ Nagar College', '9526164806', 'm', 'n', 'arun.s.nair9998@gmail.com'),
(11087, 'Sivaram ', 'Christ Nagar College', '9497112017', 'm', 'n', 's.arun9332@gmail.com'),
(11089, 'Emmanuel Thomas', 'MBCET trivandrum', '7012908263', 'm', 'n', 'ethomasjohn1007@gmail.com'),
(11090, 'Hanna Eldhosr', 'GEC Thrissur', '9447628145', 'f', 'y', 'hannaheldhose@gmail.com'),
(11091, 'Aryaman', 'STAS', '7561841497', 'm', 'n', 'nairaryaman@gmail.com'),
(11093, 'Lalith Reshma J', 'LBS Institute of technology for women,Trivandrum', '9745757359', 'f', 'n', 'lalithreshmaa@gmail.com'),
(11094, 'Vani Mohan', 'LBS Institute of Technology For Women', '9447387282', 'f', 'n', 'vanimohan331@gmail.com'),
(11095, 'LIBIN THANKACHAN', 'college of engineering adoor', '8086274625', 'm', 'n', 'libint1264@gmail.com'),
(11096, 'Asher Anil Kurian', 'TKMCE', '9562514519', 'm', 'n', 'ashkurian424@gmail.com'),
(11097, 'Abhijith P Manu', 'TKMCE', '8714378051', 'm', 'n', 'abhijithmanu29@gmail.com'),
(11098, 'LEON JOE KOITHARA', 'MODEL ENGINEERING COLLEGE', '08089693892', 'm', 'y', 'leon.koithara@gmail.com'),
(11099, 'JIJITH MURALI', 'AMRITA VISHWA VIDYAPEETHAM, AMRITAPURI', '9539061850', 'm', 'n', 'jijith331@gmail.com'),
(11100, 'ANJALI R J', 'Mar Ivanious College, Nalachira', '9605996038', 'f', 'n', 'rjarvind1991@gmail.com'),
(11101, 'Kiran p c', 'College of engineering trikaripur', '9526604253', 'm', 'n', 'kirannambiarpc@gmail.com'),
(11102, 'Vimal C', 'College of engineering perumon', '9544689533', 'm', 'n', 'Vimal.chithran@gmail.com'),
(11103, 'Anandu Chandran', 'College of Engineering Perumon', '8301822758', 'm', 'n', 'a4ananduchandran@gmail.com'),
(11104, 'Adil sha s', 'Hindhusthan clg of engineering arippa', '7356490417', 'm', 'n', 'adilshinekdl@gmail.com'),
(11105, 'Joel V Zachariah', 'Govt. Model Engineering College', '8281232779', 'm', 'n', 'joelvzach@gmail.com'),
(11106, 'Adheep George Paul', 'Model engineering college', '9526555233', 'm', 'n', 'adheepgeorgepaul@gmail.com'),
(11107, 'Sujith S Nair', 'Marian Engineering College', '9539476179', 'm', 'n', 'sujithnair42@yahoo.com'),
(11108, 'ALLEN T ABRAHAM', 'SAINTGITS COLLEGE OF ENGINEERING', '8281522055', 'm', 'n', 'allent007@gmail.com'),
(11109, 'RENU ABRAHAM', 'SAINTGITS COLLEGE OF ENGINEERING', '8281543401', 'f', 'n', 'renu.kk61@gmail.com'),
(11110, 'Sonu Kumar', 'SOE, CUSAT', '8089539805', 'm', 'y', 'sonukr.singh95@gmail.com'),
(11113, 'Neuronz', 'Amrita college of engineering', '9633933196', 'm', 'n', 'Neuronzband@outlook.com'),
(11115, 'NIKHIL S KUMAR', 'COLLEGE OF ENGINEERING ADOOR(CEA)', '8589903923', 'm', 'n', 'nikhilsureshatl@gmail.com'),
(11116, 'Adarsh', 'Hindustan college of engineering', '9544786001', 'm', 'n', 'adarshullas86@gmail.com'),
(11117, 'Jasim N', 'Hindustan college of engineering', '8157820783', 'm', 'n', 'jasijass89@gmail.com'),
(11118, 'sonu milton', 'st alberts college ernakulam', '9645549499', 'm', 'y', 'krishnadaspmenon12@gmail.com'),
(11119, 'Zaithoon Muhamed Nisthar', 'Younus College of Engineering & Technology', '9656889618', 'f', 'n', 'zaithoon1995@gmail.com'),
(11120, 'SURYA.R.V.', 'SATHAYABAMA UNIVERSITY', '9444867489', 'f', 'n', 'surya.createin@gmail.com'),
(11122, 'ARSHAD AZIM MUHAMMED', 'TKM COLLEGE OF ENGINEERING', '8281960713', 'm', 'n', 'arshad.azim@yahoo.com'),
(11123, 'MUHAMMED SAJID A', 'TKM COLLEGE OF ENGINEERING', '8281689600', 'm', 'n', 'muhammed.sajid62@gmail.com'),
(11124, 'NANDHU .A .R', 'TKMCE', '8281395750', 'm', 'n', 'nandhuar973@gmail.com'),
(11125, 'Loyola Dream Team', 'Loyola College', '7845063785', 'm', 'y', 'joecoolguy5@gmail.com'),
(11126, 'Darren', 'Loyola college', '9500039217', 'm', 'n', 'mcphersondarren1996@gmail.com'),
(11127, 'JSJ', 'TKMCE', '9446628320', 'm', 'n', 'mexsym@conjura.in'),
(11128, 'S K KALAIJITH', 'MALABAR COLLEGE OF ENGINEERING AND TECHNOLOGY,DESHAMANGALAM,WADAKKANCHERY,TRISSUR', '94567845974', 'm', 'n', 'kalaijith007@gmail.com'),
(11129, 'Sonu Thomas ', 'Saintgits college of engineering ', '9544442193', 'm', 'n', 'sonuthomas313@gmail.com'),
(11130, 'Sonnet sunil ', 'Saintgits college of engineering ', '+91 89 43 41085', 'm', 'n', 'sonnetsunil54@gmail.com'),
(11132, 'Anselmo Linson', 'Nehru College of engineering and research', '9447865120', 'm', 'n', 'akhilesh5chandran@gmail.com'),
(11133, 'Amal raj', 'Riet, tvm', '8590879077', 'm', 'n', 'amal.raj093@gmail.com'),
(11134, 'Sandra S', 'Riet, tvm', '8547183472', 'f', 'n', 'Sandrasudarsan123@gmail.com'),
(11135, 'Manu Thomas Mathai ', 'Saintgits college of engineering ', '94 95 100768', 'm', 'n', 'manutmathai@gmail.com'),
(11136, 'Nikhil  Joseph Pious', 'Rajagiri School Of Engineering Technology', '9745211564', 'm', 'y', 'pious.nikhil2@gmail.com'),
(11137, 'Asish Damodaran C S', 'TKM COLLEGE OF ENGINEERING ', '8281925106', 'm', 'n', 'asishdamodaran97@gmail.com'),
(11138, 'V', 'C', '123456789', 'm', 'n', 'q@gnail.com'),
(11139, 'Q', 'H', '0987654331', 'm', 'n', 'o@gmail.com'),
(11140, 'Cassandra D\\''Souza', 'Rajagiri School of Engineering and Technology', '9947775043', 'f', 'n', 'cassandra.dsouza12345@gmail.com'),
(11141, 'Ria Shaji', 'Lal Bahadur Shastri institute of technology for women', '7012628170', 'f', 'n', 'riashaji18@gmail.com'),
(11142, 'BEJON', 'NIL', '9566217843', 'm', 'n', 'bejonkvinod@gmail.com'),
(11143, 'TITTO', 'AMALJYOTHI COLLEGE OF ENGINEERING', '8089164515', 'm', 'n', 'syammuralikrishna@gmail.com'),
(11144, 'vaishak', 'nil', '9497583621', 'm', 'n', 'vaishak2k9@gmail.com'),
(11145, 'Aayisha S', 'Cochin college of engineering and technology', '8943197367', 'f', 'n', 'aayisha987@gmail.com'),
(11146, 'Divya Bharathi M R', 'Cochin college of engineering and technology', '9567208885', 'f', 'n', 'divyabharathymr@gmail.com'),
(11147, 'sabarinadh', 'nil', '9495463436', 'm', 'n', 'sabarinadh.mg@gmail.com'),
(11151, 'Amal Haridas ', 'Gec Thrissur ', '9744445698 ', 'm', 'n', 'amalharidas4@gmail.com '),
(11153, 'Jyothish P Kumar', 'Saintgits College of engineering', '9400256297', 'm', 'y', 'jpkjpk96@gmail.com'),
(11154, 'Nithin Zachariah Ninan', 'Saintgits College Of Engineering', '7558905212', 'm', 'n', 'nithinninan@hotmail.com'),
(11155, 'Ditto paul', 'Saintgits college of engineering', '9048744961', 'm', 'n', 'dittopaul369@gmail.com'),
(11156, 'Ganesh sankar', 'CET', '8281804186', 'm', 'n', 'ssg184199500@yahoo.com'),
(11159, 'Vaishnav M K', 'TKMCE', '9497036231', 'm', 'n', 'vaishnavmk@hotmail.com'),
(11160, 'Rahul Benny', 'TKMCE', '9387936213', 'm', 'n', 'rahulbennyrrb@gmail.com'),
(11161, 'S Akhil', 'TKMCE', '7558955180', 'm', 'n', 'akhilsheeja@gmail.com'),
(11162, 'Tharun.P', 'Aalim Muhammed Salegh Academy of Architecture', '+919176263803', 'm', 'n', 'cytee.tharun@gmail.com'),
(11164, 'Anzar Mohammed', 'Ace College of Engineering, Trivandrum', '9562307430', 'm', 'y', 'anzar.shereef@acetvm.com'),
(11165, 'milan siraj', 'open', '7356228800', 'm', 'n', 'milansiraj420@gmail.com'),
(11167, 'Rahul Raj R', 'Rajadhani ', '9567323841', 'm', 'n', 'rahulkannan8055@gmail.com'),
(11168, 'Marval Jayan ', 'Rajadhani', '9633394027', 'm', 'n', 'marvalkarthik@gmail.com'),
(11169, 'Akilandeswari', 'Sathyabama university', '9176533983', 'f', 'n', 'Akilamontanakannan@gmail.com'),
(11171, 'Keerthana ', 'Sathaybama  university ', '9962383211', 'f', 'n', 'shesha2808@gmail.com'),
(11173, 'SAHNA ALEX', 'MODEL ENGINEERING COLLEGE  TRIKAKARA', '8281534810', 'f', 'y', 'gouris1070@gmail.com'),
(11174, 'PRANAV MOHAN', 'OPEN', '9567376424', 'm', 'n', 'pranavmohanpktl@gmail.com'),
(11175, 'Nsjjs', 'Sjsjzh', '82836364739', 'f', 'y', 'sbsbsg@gmail.com'),
(11176, 'ABNA C AZAD', 'TKM SCHOOL OF ARCHITECTURE', '7558917870', 'f', 'n', 'abnacazad648@gmail.com'),
(11177, 'MOHZIN MUJEEB', 'TKM SCHOOL OF ARCHITECTURE', '9061316505', 'm', 'n', 'mohzinmujeeb54321@gmail.com'),
(11178, 'James prakash', 'Model engineering college', '8547767170', 'm', 'y', 'jamesprakash010@gmail.com'),
(11179, 'Aswathy Santhosh Nair ', 'Model Engineering College', '9946300787', 'f', 'y', 'cutenoserudie@gmail.com'),
(11180, 'Rhea Mariam Boby', 'Model engineering college ,Thrikakkara', '9496619731', 'f', 'y', 'rheabobya@gmail.com'),
(11181, 'Ameena Firoz', 'Model engineering college ,thrikkakarra', '9400244793', 'f', 'y', 'ameenakfiroz@gmail.com'),
(11182, 'Arul Maniyan', 'Sathyabama University', '8220741184', 'm', 'y', 'arul2129@gmail.com'),
(11183, 'Lathish ', 'Sathyabama University', '8760189642', 'm', 'n', 'lathish17@gmail.com'),
(11184, 'Minaz Manoj', 'College Of Engineering Chengannur', '9605839937', 'm', 'n', 'minaz.just4u@gmail.com'),
(11185, 'Aiswarya S Kumar', 'College Of Engineering Chengannur', '8129655915', 'f', 'n', 'aiswaryaskumar97@gmail.com'),
(11186, 'S Adwaitha', 'College Of Engineering Chengannur', '8113037862', 'f', 'n', 'aduwaitha18@gmail.com'),
(11187, 'Mahima Mariam Kuruvila', 'College Of Engineering', '8304841369', 'f', 'n', 'minaz.manoj994@gmail.com'),
(11189, 'Piya R', 'College Of Engineering Chengannur', '9400611407', 'f', 'n', 'priyabubbles349@gmail.com'),
(11190, 'Thenseeha sherin ahmed ', 'MES school of architecture ', '9947775721', 'f', 'n', 'thenseeha202@gmail.com'),
(11191, 'SNEHA TOMY', 'MARIAN ENGINEERING COLLEGE', '7025465150', 'f', 'n', 'snehatom19@gmail.com'),
(11192, 'Sara Leela Samuel', 'College of Engineering,Perumon', '8281912205', 'f', 'n', 'sara.samuel1212@gmail.com'),
(11193, 'Ashwin B Nair', 'Govt. Model Engineering College', '9048362398', 'm', 'y', 'ashwin.bala.432@gmail.com'),
(11194, 'ADARSH D', 'TKMCE', '8281546214', 'm', 'n', 'adarsh@digievo.in'),
(11195, 'Rohan Ajith ', 'Model Engineering College', '9048333263', 'm', 'n', 'rohanajith5090@gmail.com'),
(11196, 'V Shriram ', 'Model Engineering College', '9496427559', 'm', 'n', 'shriramvenugopal123@gmail.com'),
(11197, 'Feba M Mathew', 'TKM College of Engineering ', '8281962425', 'f', 'n', 'febamary96@gmail.com'),
(11198, 'Noel Toms', 'Govt.RIT Kottayam', '9497666619', 'm', 'n', 'noeltoms59@gmail.com'),
(11199, 'Ashik Ameer', 'Model Engineering College , Thrikkakara', '9447107419', 'm', 'y', 'ashikameer100@gmail.com'),
(11200, 'Bindya Bhaskaran', 'Govt model engineering college', '9400142492', 'f', 'y', 'bindya.bhaskaran1997@gmail.com'),
(11201, 'DIYA LIZA VARGHESE', 'MODEL ENGINEERING COLLEGE', '9048819638', 'f', 'y', 'diyaliza16@gmail.com'),
(11202, 'Cyan francis', 'Dayananda Sagar college', '7356681934', 'f', 'n', 'cyanfrancis@gmail.com'),
(11203, 'Roniya', 'Government school of architecture, trissur', '7760296226', 'f', 'n', 'cy.ar012@gmail.com'),
(11204, 'Vishnu R Mohan', 'Mar Ivanios College Trivandrum', '9746667317', 'm', 'n', 'vrmlive@gmail.com'),
(11205, 'Sachin Karthik', 'Mar Ivanios College Trivandrum', '97469 97332', 'm', 'n', 'Bboyrico1994@gmail.com'),
(11206, 'Bhairavi Sameer Shah', 'Govt. Model Engineering College', '9061344877', 'f', 'y', 'shahbhairavi2008@gmail.com'),
(11207, 'Edwin kj', 'Christ college ', '9605403230', 'm', 'n', 'edwinkjoji@gmail.com'),
(11208, 'SWATHI K', 'TKMCE KOLLAM', '9946826846', 'f', 'n', 'swathinilambur@gmail.com'),
(11209, 'AISWARYA C', 'NATIONAL INSTITUTE OF TECHNOLOGY CALICUT', '8281430681', 'f', 'y', 'ammushogwarts777111@gmail.com'),
(11210, 'AKSHAY SUBASH', 'TKMCE', '8089901377', 'm', 'n', 'akshaysubashrocks@gmail.com'),
(11211, 'Naveen George Koshy', 'Mar Baselios college of engineering and technology', '9037564427', 'm', 'n', 'naveengk96@gmail.com'),
(11212, 'THARIK ANWAR', 'Government Model Engineering College, Thrikkakara', '9947497430', 'm', 'y', 'tharikvn@gmail.com'),
(11213, 'asif muhammed', 'vjcet', '9747380073', 'm', 'y', 'asifmuhammedm756@gmail.com'),
(11215, 'Nithin Suresh', 'Model Engineering College , Thrikkakara', '8281242079', 'm', 'y', 'nithinsuresh41@gmail.com'),
(11216, 'ANSON A ATHIKALAM', 'ST STEPHENS COLLEGE,NEW DELHI', '9605653446', 'm', 'n', 'theanson1@gmail.com'),
(11218, 'DARSHAN K', 'NIL', '9446653763', 'm', 'n', 'darshukurikalot@gmail.com'),
(11221, 'KAVYA K NAIR', 'NIT CALICUT', '7736883305', 'f', 'n', 'kavyavenugopal011@yahoo.in'),
(11222, 'ABIN SAJI', 'RIT, KOTTAYAM', '8547163195', 'm', 'n', 'abinsaji5@gmail.con'),
(11224, 'dsasa', 'sadas', '9446871997', 'm', 'n', 'asdas@gmail.com'),
(11225, '51', 'dasd@gmail.com', 'dsaas', 'm', 'n', 'dsaa@gmail.com'),
(11226, 'adssa', 'assad', '665656565', 'm', 'n', 'llsad@asd.com'),
(11227, 'jdaskd', 'adsasd', '656565', 'm', 'n', 'afssad@gmail.com'),
(11230, 'Abin saji', 'Rit, kottayam', '8547163295', 'm', 'n', 'abinsaji5@gmail.com'),
(11231, 'Tino Max Thayil', 'Model Engineering College,Thrikkakara', '8590344241', 'm', 'y', 'tinothayil@gmail.com'),
(11232, 'Shysal Khan A.', 'Tkm College Of Engineering', '9496804044', 'm', 'n', 'shysal17101996@gmail.com'),
(11233, 'Cino Babu', 'Viswajothy College of Engineering and Technology Vazhakulam', '9947199289', 'm', 'n', 'cinobabup97@gmail.com'),
(11235, 'Abraham George', 'Viswajothy College of Engineering and Technology Vazhakulam', '9526917240', 'm', 'n', 'abgmonly@gmail.com'),
(11237, 'Maria K Mattappally', 'Model Engineering college Thrikkakara', '8281748031', 'f', 'y', 'maria.ken.mtm@gmail.com'),
(11238, 'Amos Emmanuel', 'TKMCE', '9072860030', 'm', 'n', 'amosmaliakal@gmail.com'),
(11239, 'Thomas Nevin K ', 'Tkmce', '8714414525', 'm', 'n', 'thomasnevink@gmail.com'),
(11240, 'BIFIN JOHNS MT', 'T.K.M COLLEGE OF ENGINEERING', '8289814043', 'm', 'n', 'bifinjohns@gmail.com'),
(11241, 'mohammed ijas m', 'T.K.M COLLEGE OF ENGINEERING', '9567016262', 'm', 'n', 'ijaszzhere@gmail.com'),
(11242, 'Gopika Koranath', 'CET', '9526161922', 'f', 'n', 'gopika26196@gmail.com'),
(11243, 'AdhilSha N', 'ACE College of Engineering', '9447788244', 'm', 'n', 'adhilsha303@gmail.com'),
(11244, 'Mathew Joseph', 'TKM COLLEGE OF  ENGINEERING', '9544900001', 'm', 'n', 'mathewjoskay@gmail.com'),
(11245, 'Aneetta Merin Thomas', 'Rajiv Gandhi Institute of Technology ', '7559052763', 'f', 'y', 'aneettamerinthomas@gmail.com'),
(11246, 'AKSHAY SHAJI', 'COLLEGE OF ENGINEERING,CHERTHALA', '8943174407', 'm', 'y', 'akshayshaji23@gmail.com'),
(11247, 'Anandu Shakumar', 'Sree Narayana college Kollam', '9895842814', 'm', 'n', 'anandushaask@gmail.com'),
(11248, 'Aswathy S', 'Rajiv Gandhi Institute of Technology ', '9497093211', 'f', 'n', 'saswathy97@gmail.com'),
(11249, 'Sophus Stein George', 'Govt. Model Engineering College', '9447827433', 'm', 'y', 'sophusstein@gmail.com'),
(11250, 'NoOne', 'Random College', '999999999', 'm', 'y', 'randomid@gmail.com'),
(11251, 'Hashrin C P', 'TKMCE', '8547509839', 'm', 'n', 'ashucp@gmail.com'),
(11252, 'Nandana vs', 'Federal institute of science and technology Angamali', '9072966052', 'f', 'n', 'nandanasuresh333@gmail.com'),
(11253, 'krishnapriya s', 'Federal institute of science and technology Angamali', '9349255632', 'f', 'n', 'panchathmatrasayaka@gmail.com'),
(11254, 'Anjana Ponnu Jacob', 'College of Engineering, Chengannur', '9605158017', 'f', 'n', 'ajacobasn@gmail.com'),
(11255, 'Reshma Mariam Varghese', 'College of Engineering, Chengannur', '9446716363', 'f', 'n', 'dewdrops1996@gmail.com'),
(11257, 'Sebin Sabu', 'TKM College of Engineering', '9400562439', 'm', 'y', 'sebinsabu08@gmail.com'),
(11260, 'ATHIRA SIVADAS', 'RAJAGIRI SCHOOL OF ENGINEERING & TECHNOLOGY', '9072211086', 'f', 'y', 'sivamathira@yahoo.com'),
(11261, 'Sarath M.', 'Adi Shankara Institute of Engineering and Technology', '8606733015', 'm', 'n', 'sarathmanu650@gmail.com'),
(11262, 'Atheena J.P.', 'Mar Baselios College of Engineering and Technology', '7025211072', 'f', 'n', 'atheenajo@gmail.com'),
(11263, 'Kuriakose Eldho', 'Model engineering college', '7558991555', 'm', 'y', 'kuriakose.el@gmail.com'),
(11264, 'Jeswin Vinod', 'R.I.T pampady', '8281184873', 'm', 'n', 'jesvinod100@gmail.com'),
(11265, 'ABHISHEK O S', 'UKF COLLEGE OF ENGINEERING ANDTECHNOLOGY', '8113077124', 'm', 'n', 'abhiabhishek021@gmail.com'),
(11266, 'abik ', 'christ college of engineering', '9656850925', 'm', 'n', 'abikabid@yahoo.com'),
(11267, 'SREERAG PV', 'NEHRU COLLEGE OF ENGINEERING AND RESEARCH CENTRE ', '9048778888', 'm', 'y', 'sreerag.vijayakumar8@gmail.com'),
(11268, 'SREEJITH VK', 'NEHRU COLLEGE OF ENGINEERING AND RESEARCH CENTRE ', '9562350679', 'm', 'y', 'sreejithvk956@gmail.com'),
(11269, 'SREERAG AG', 'NEHRU COLLEGE OF ENGINEERING AND RESEARCH CENTRE ', '9544804100', 'm', 'y', 'sreeragag7@gmail.com'),
(11270, 'Ahmed farooque', 'School of engineering ,cusat', '9539071557', 'm', 'y', 'farooque007.ahmed@gmail.com'),
(11271, 'SREEKANTH J MARAR', 'NEHRU COLLEGE OF ENGINEERING AND RESEARCH CENTRE ', '9605650039', 'm', 'y', 'sreemarar@gmail.com'),
(11272, 'arjun', 'sdf', '2323232323', 'm', 'n', 'sadf@ads'),
(11273, 'DHEERAJ VK', 'NEHRU COLLEGE OF ENGINEERING AND RESEARCH CENTRE ', '9495628008', 'm', 'y', 'vkdheeraj02@gmail.com'),
(11274, 'Bharath Raj R', 'Model Engineering college Thrikkakara', '9544341764', 'm', 'y', 'bharathraj567567@gmail.com'),
(11275, 'Nived . N', 'T.K.M COLLEGE OF ENGINEERING, KOLLAM', '9526665825', 'm', 'n', 'nived00015@gmail.com'),
(11276, 'ARJUN P', 'NEHRU COLLEGE OF ENGINEERING AND RESEARCH CENTER', '9495688294', 'm', 'y', 'arjunparjun1997@gmail.com'),
(11278, 'Mohammed Felsi s', 'UKFCET', '9895216425', 'm', 'n', 'imfelsi@gmail.com'),
(11279, 'mohamed rafeeq N', 'Royal CET thrissur', '8113975489', 'm', 'y', 'rafeeqroxen@gmail.com'),
(11281, 'Arjun R', 'PRS College Of Engineering ', '9567701995', 'm', 'y', 'arjunrpillai777@gmail.com'),
(11282, 'Nilammudeen', 'Mar Baselios College Of Engineering and Technology', '7012558895', 'm', 'y', 'nilammudeen1011@gmail.com'),
(11283, 'sarath babu', 'college of engineering perumon', '8606837332', 'm', 'n', 'sarathsasikala96@gmail.com'),
(11284, 'Daya Abraham', 'Tkmce', '9495301838', 'f', 'n', 'daya.abraham.tvm@gmail.com'),
(11285, 'Muhammed salih', 'TKMCE', '9207616460', 'm', 'n', 'kilayilsalih007@gmail.com'),
(11287, 'Divya P Ajit', 'Rajiv Gandhi institute of technology Kottayam', '7356871443', 'f', 'n', 'divyapajit@gmail.com'),
(11288, 'Geethu S', 'Rajiv Gandhi institute of technology Kottayam', '9745970012', 'f', 'n', 'geethus298@gmail.com'),
(11289, 'Priyanka prabhakaran', 'Rajagiri college of management and applied sciences', '7025639632', 'f', 'n', 'priya96nov@gmail.com'),
(11290, 'JOTHISH V DEV ', 'College of engineering Perumon', '9847368475', 'm', 'n', 'j4jothish@gmail.com'),
(11291, 'Amal Markose', 'TKMCE', '8089150084', 'm', 'n', 'amalmarkosevt@gmail.com'),
(11293, 'Vishruth V.v', 'Vivekananda college of engineering and technology', '08762600948', 'm', 'n', 'vvvishruth@gmail.com'),
(11294, 'Neeraj S', 'TKM Institute Of Technology', '8590101432', 'm', 'n', 'plstrikers@gmail.com'),
(11296, 'Nithin K Raj', 'TkM Institute Of Technology', '+91 94973 34800', 'm', 'n', 'nithinlz@gmail.com'),
(11297, 'Gouri PP', 'TKM College of Engineering ', '7561820312', 'f', 'n', '2015gouripp@gmail.com'),
(11298, 'AJITH K A', 'NEHRU GROUP OF ENGINEERING AND RESEARCH CENTER', '8714504555', 'm', 'y', 'ajiaru26@gmail.com'),
(11299, 'Naveen giri', 'Toch institute of science and technology (TIST)', '9995205370', 'm', 'n', 'naveengiri1998@gmail.com'),
(11300, 'ASIF C JAFER', 'TKM COLLEGE OF ENGINEERING', '9495071275', 'm', 'n', 'asifcj97@gmail.com'),
(11301, 'SYAM SANKAR', 'TKMCE ', '7025388871', 'm', 'n', 'syamsankar0007@gmail.com'),
(11302, 'ARJUN PRAKASH', 'TKMCE', '8089800818', 'm', 'n', 'arjunprakash948@gmail.com'),
(11303, 'Alen John', 'Saint Gits College of Engineering ', '7560882923', 'm', 'n', 'alenleny729@gmail.com'),
(11304, 'Gayathri S Pillai', 'T K M College of Engineering,Kollam', '9447138347', 'f', 'n', 'haripadsuresh@gmail.com'),
(11305, 'KIRAN S', 'SREEBUDDHA  COLLEGE OF ENGINEERING, PATTOOR P.O, ALAPPUZHA 690529', '8281823056', 'm', 'n', 'kiransmangalath@gmail.com'),
(11306, 'Mohd Zameel', 'TKMCE', '9207104627', 'm', 'n', 'mohamedzameel333@gmail.com'),
(11308, 'NIHAL K', 'TKM COLLEGE OF ENGINEERING', '9496989001', 'm', 'n', 'nihalkarappath@gmail.com'),
(11309, 'AKSHAY RAMESH', 'TKM COLLEGE OF ENGINEERING', '8281919302', 'm', 'n', 'akshayramesh893@gmail.com'),
(11310, 'Vishnu D', 'Amaljyothi collage of engineering', '8606197360', 'm', 'n', 'vishnuneelamana5@gmail.com'),
(11311, 'ANJALI R J', 'Mar Ivanious College, Nalachira', '9605996038, 903', 'f', 'n', 'anjalirjpillai@gmail.com'),
(11312, 'Rishabh k', 'TKMCE', '9447718122', 'm', 'n', 'rishabhk973@gmail.com'),
(11313, 'Viswanath R V', 'Tkmce', '9400627962', 'm', 'n', 'kiran.rv3897@gmail.com'),
(11314, 'VISHNUDATHA V', 'FISAT ANGAMALI', '8281718812', 'f', 'n', 'vishnudathav@gmail.com'),
(11315, 'akhilashok', 'kvm ce and it', '9526266604', 'm', 'n', 'akhilashok405@gmail.com'),
(11316, 'AGRIMA SOORYA C. ANIL', 'TKM COLLEGE OF ENGINEERING', '9446032510', 'm', 'n', 'soorya1st@gmail.com'),
(11317, 'VYSAKH K', 'perumon collage of engineering', '9037687276', 'm', 'n', 'sasikumar.sarojini@gmail.com'),
(11318, 'Aswin S', 'College of Engineering Perumon', '9400828501', 'm', 'n', 'aswin379@gmail.com'),
(11319, 'Subin Joseph', 'College of Engineering Perumon', '9496236802', 'm', 'n', 'subinjosephn@gmail.com'),
(11320, 'Rohith', 'M', '9446505173', 'm', 'n', 'rohith71995@gmail.com'),
(11321, 'Sanjai Steve Stanly', 'College of Engineering Perumon', '8281288579', 'm', 'n', 'sanjaistanly@gmail.com'),
(11322, 'Sudish V', 'Jawaharlal College of Engineering and Technology', '9947519650', 'm', 'y', 'sudishv98@gmail.com'),
(11323, 'Sachin E L', 'Jawaharlal College of Engineering and Technology', '9497770081', 'm', 'n', 'geevargheseemmaty@gmail.com'),
(11324, 'Ananya Nair ', 'Govt. Model Engineering College Thrikkakara ', '9544885061', 'f', 'y', 'maluthearchitect@gmail.com'),
(11325, 'Hrithik Hiran ', 'Govt. Model Engineering College Thrikkakara ', '9869636300', 'm', 'n', 'hrithikhiran@gmail.com'),
(11326, 'Muneera Mol MV', 'College of Engineering Perumon', '9526398411', 'f', 'n', 'muneeramolmv@gmail.com'),
(11327, 'Vishnu CV', 'Model engineering college ', '9495978187', 'm', 'n', 'vishnucvinod@gmail.com'),
(11328, 'Ganesh biju', 'Model engineering college', '8281482664', 'm', 'n', 'ganeshbiju1998@gmail.com'),
(11329, 'Buby Babu', 'College of Engineering Perumon', '8086596849', 'f', 'n', 'bubysuresh10@gmail.com'),
(11330, 'Aa', 'Sheb', '8472719462', 'm', 'n', 'gavs@gmail.com'),
(11331, 'AJIN M SAJI', 'MODEL ENGINEERING COLLEGE,THRIKKAKARA', '9207588017', 'm', 'y', 'ajinm1998@gmail.com'),
(11332, 'Salman N S', 'Jawaharlal College of Engineering And Technology', '8592992345', 'm', 'n', 'fasil2401@gmail.com'),
(11334, 'THOMAS PETER', 'MODEL ENGINEERING COLLEGE,THRIKKAKARA', '8547245170', 'm', 'n', 'taradas10bc@gmail.com'),
(11335, 'Ajmal A', 'Cochin college of engineering and technology , Valachery', '8891714746', 'm', 'n', 'ajmalmsdcr@gmail.com'),
(11336, 'Amal Polachan', 'Cochin college of engineering and technology , Valanchery', '8157837306', 'm', 'n', 'ajmalmsdcr@outlook.com'),
(11337, 'Mohamed Hafiz Nizar ', 'TKMCE', '9072960090 ', 'm', 'n', 'hafiznizar1@gmail.com'),
(11338, 'Adith Narayanan ', 'TKMCE', '8547433529', 'm', 'n', 'adith7000@gmail.com'),
(11339, 'Ponhariharan S', 'Karunya University ', '9159466884', 'm', 'y', 'ponhariharans@karunya.edu.in'),
(11340, 'Jisha Mary Daniel ', 'Karunya University ', '8122029153', 'f', 'n', 'jishamarydaniel@karunya.edu.in'),
(11341, 'Rohan David Manoj', 'Amal Jyothi College of Engineering ', '9400132347', 'm', 'n', 'rohan11manoj@gmail.com'),
(11342, 'Ramya.M', 'TKM College of Engineering,Kollam ', '9567567802', 'f', 'n', 'remya1398@gmail.com'),
(11343, 's.sukesh kumar', 'pmsa college ', '9496269049', 'm', 'y', 'sukeshjnv@yahoo.com'),
(11344, 'Sooraj s', 'Bishop Jerome institute', '9495917438', 'm', 'n', 'soorej.sethu@gmail.com'),
(11345, 'Jithin T jayan', 'Saintgits collage of engineering', '9656887153', 'm', 'n', 'jithinjayangeorge@gmail.com'),
(11349, 'NEERAJ KUMAR P', 'tkmce', '8113877562', 'm', 'n', 'nk8929@gmail.com'),
(11350, 'Sarath Chandran', 'Rajagiri school of engineering and technology ', '9447546936', 'm', 'n', 'sarath4021@gmail.com'),
(11351, 'Vishal T V', 'Rajagiri school of engineering and technology ', '8129033840', 'm', 'n', 'vishaltvdirector@gmail.com'),
(11352, 'Renso Roy', 'Believers church caarmel engineering college, perunnadu', '9048423739', 'm', 'n', 'rensoroy98@gmail.com'),
(11353, 'shiddharth', 'Nandha Engineering College', '8438310070', 'm', 'y', 'shiddharthcs@gmail.com'),
(11354, 'Libin Thomas', 'Believers Church Caarmel Engineering College,Perunad ', '9747740824', 'm', 'n', 'libinthomas152@gmail.com'),
(11355, 'JOEL JAMES N', 'GEC-THRISSUR', '9400614343', 'm', 'n', 'joeljamesjn@gmail.com'),
(11356, 'Nijin Varghese', 'TKMCE', '7561092994', 'm', 'n', 'nijinvarghesenv@gmail.com'),
(11357, 'Kailas R J', 'Mar Baselios College, Trivandrum', '9496419585', 'm', 'n', 'getleksh@gmail.com'),
(11358, 'Saira Philip', 'Amal Jyothi College of Engineering ', '8301886320', 'f', 'n', 'sairaphilip97@gmail.com'),
(11359, 'Rajaswini Patra', 'Karunya University', '9486890184', 'f', 'y', 'rajaswinipatra66@gmail.com'),
(11360, 'Shijo g mathew', 'Hindustan college of engineering arippa kulathupuzha', '9061694901', 'm', 'n', 'mayakannansurendran@gmail.com'),
(11361, 'Anjana V Gangadharan', 'Government college of engineering kannur', '8547545127', 'f', 'y', 'anjanavg29@gmail.com'),
(11362, 'ARYA M P', 'Govt college of engineering kannur', '8943542496', 'f', 'y', 'mparya1001@gmail.com'),
(11363, 'Akhila George', 'Rajagiri School Of Engineering And Technology ', '9497202326', 'f', 'y', 'akhila189997@gmail.com'),
(11365, 'Nikhil GS', 'UNIVERSITY COLLEGE TVM', '9995307740', 'm', 'n', 'nikhilfighter.10@gmail.com'),
(11366, 'SHAMNASA VP', 'Goverenment college of engineering kannur', '9526340303', 'f', 'y', 'shamnavp98@gmail.com'),
(11368, 'Sreejith P S', 'College of engineering kallooppara', '9526919954', 'm', 'n', 'shagilok01@gmail.com'),
(11369, 'Nipul Jose', 'Rajagiri school of engineering and technology ', '73 56 478069', 'm', 'y', 'nipul10jose@gmail.com'),
(11370, 'Jagan S', 'Cochin college of engineering and technology, valanchery', '9567942787', 'm', 'n', 'jaganksurendran007@gmail.com'),
(11371, 'Ajay kuriakose', 'Cochin college of engineering and technology, valanchery', '9544577151', 'm', 'n', 'ajaykuriakose001@gmail.com'),
(11372, 'Rohan Rajeev', 'Rajagiri school of engineering and technology ', '96 33 123439', 'm', 'n', 'rohan.rjv97@gmail.com'),
(11373, 'Jesbin Thomas', 'Vimaljyothi', '9645332963', 'm', 'n', 'jesbinthomas111@gmail.com'),
(11375, 'Aravind M', 'TKMCE', '8129157891', 'm', 'n', 'amn.chromeoz123@gmail.com'),
(11376, 'Sourav Prakash K', 'NORTH MALABAR INSTITUTE OF TECHNOLOGY', '9562260829', 'm', 'y', 'souravprakashk12@gmail.com'),
(11377, 'ASHIK S', 'Nss collage of engineering ', '8289853692', 'm', 'y', 'ashik00036@gmail.com'),
(11378, 'Daniel Edward', 'NORTH MALABAR INSTITUTE OF TECHNOLOGY', '9495763900', 'm', 'y', 'danieledwardomartinohenery@gmai'),
(11379, 'Akshay M', 'TKM College of Engineering', '7736791585', 'm', 'n', 'akshayknr7@gmail.com'),
(11380, 'Priyanka Prakash', 'Muthoot institute of technology and science varikoli', '7025645726', 'f', 'n', 'priyankaprakash.pp3@gmail.com'),
(11381, 'ASWINRAJ T V', 'VIMAL JYOTHI ENGINEERING COLLEGE, CHEMPERI,KANNUR,KERALA', '9495417803', 'm', 'y', 'aswiniritty@gmail.com'),
(11382, 'KALYANI RAJENDRAN', 'NSS COLLAGE OF ENGINEERING', '9605341845', 'm', 'y', 'kalyanirajendran7@gmail.com'),
(11383, 'Anjana R', 'Muthoot Institute of Technology and Sciences', '7356483839', 'f', 'n', 'anjana7anz@gmail.com'),
(11384, 'Adarsh K V', 'NORTH MALABAR INSTITUTE OF TECHNOLOGY', '9495601731', 'm', 'y', 'Adarshkoval@gmail.com'),
(11385, 'MEENAKSHI.S', 'NSS COLLAGE OF ENGINEERING', '9747536344', 'f', 'y', 'meenakshismohan@gmail.com'),
(11386, 'PAUL VARGHESE PYNADATH', 'RAJAGIRI SCHOOL  OF ENGINEERING AND TECHNOLOGY ', '9061976219', 'm', 'n', 'Paulvarghese342@gmail.com'),
(11387, 'M S Vivek Anand', 'TKM college of engineering', '8606146864', 'm', 'n', 'vivek1anand2@gmail.com'),
(11388, 'Ann Mary Babu', 'Muthoot Institute of Technology and Sciences', '9544898798', 'f', 'n', 'annbabu16@gmail.com'),
(11389, 'Jincy S Tomy', 'Muthoot Institute of Technology and Sciences', '9847163902', 'f', 'n', 'jincystomy@gmail.com'),
(11390, 'Anusree S', 'Muthoot Institute of Technology and Sciences', '7561833033', 'f', 'n', 'anusreesudhir@gmail.com'),
(11391, 'Vani Krishna P S', 'Muthoot Institute of Technology and Sciences', '9495623990', 'f', 'n', 'vanikrishnaps@gmail.com'),
(11392, 'ANNA BASIL JOSE', 'NSS COLLAGE OF ENGINEERING', '9744384146', 'f', 'n', 'annabasiljose@gmail.com'),
(11393, 'Varsha R', 'Muthoot Institute of Technology and Sciences', '9539308945', 'f', 'n', 'varsharaghu1998@gmail.com'),
(11394, 'Mahesh M', 'Model Engineering College Thrikakkarra', '9447395022', 'm', 'y', 'maheshm100309@gmail.com'),
(11395, 'Dona Maria Augustin ', 'Muthoot Institute of Technology and Sciences', '9495525726', 'f', 'n', 'donamaria248@gmail.com'),
(11396, 'THUDITHAALAM', 'Vidya academy of science and technology', '8606111731', 'm', 'n', 'abhijith14071997@gmail.com'),
(11397, 'Abhinkrishna AR', 'North Malabar Institute Of Technology', '9495634188', 'm', 'y', 'abhinkrishnaabi@gmail.com'),
(11398, 'adwaitha raj', 'nss collage of engineering', '9645994037', 'f', 'n', 'adwaitharaj2015@gmail.com'),
(11399, 'Sandra Kunjumone', 'Muthoot Institute of Technology and Sciences', '7559043485', 'f', 'n', 'anuti4anjana@gmail.com'),
(11400, 'Anush George', 'TKM COLLEGE OF ENGINEERING', '9497673231', 'm', 'n', 'orkatte@gmail.com'),
(11401, 'Amrutha AA', 'Muthoot Institute of Technology and Sciences', '9747706726', 'f', 'n', 'amruthaalattu@gmail.com'),
(11402, 'Nimisha E R', 'Muthoot Institute of Technology and Science', '9495796008', 'f', 'n', 'nimishaer123@gmail.com'),
(11403, 'JIMSON P S', 'VIMAL JYOTHI ENGINEERING COLLEGE, CHEMPERI,KANNUR,KERALA', '7034996847', 'm', 'y', 'jimsonps2015@gmail.com'),
(11404, 'AMALDEEP C', 'VIMAL JYOTHI ENGINEERING COLLEGE, CHEMPERI,KANNUR,KERALA', '9496861594', 'm', 'y', 'amaldeepiritty@gmail.com'),
(11405, 'Mithun P', 'North Malabar Institute Of Technology', '7560923184', 'm', 'y', 'Mithunkalliot5@gmail.com'),
(11406, 'Suraj S Nair', 'TOC-H ISTITUTE OF SCIENCE AND TECHNOLOGY', '9446056921', 'm', 'y', 'suraj1997.nair@gmail.com'),
(11407, 'Ansel Mathew Francis', 'TOC H INSTITUTE OF SCIENCE AND TECHNOLOGY', '8547251258', 'm', 'n', 'Ansel1997@gmail.com'),
(11408, 'VIVEK M K', 'VIMAL JYOTHI ENGINEERING COLLEGE, CHEMPERI,KANNUR,KERALA', '8281784677', 'm', 'y', 'vivekmkvivi@gmail.com'),
(11409, 'JASIN MURALI J', 'VIMAL JYOTHI ENGINEERING COLLEGE, CHEMPERI,KANNUR,KERALA', '9747875705', 'm', 'y', 'jasinj123@gmail.com'),
(11410, 'AMITH C MOHANAN', 'MANGALAM COLLEGE OF ENGINEERING ETTUMANOOR KOTTAYAM', '9995831228', 'm', 'y', 'amithcmohan@gmail.com'),
(11411, 'MUHAMMED FAZIL', 'MANGALAM COLLEGE OF ENGINEERING ETTUMANOOR KOTTAYAM', '9048580082', 'm', 'n', 'muhammed.fazil399@gmail.com'),
(11412, 'Rahul Scaria', 'TKMCE', '9446431115', 'm', 'n', 'buzyholics@gmail.com'),
(11413, 'Abhilash P A', 'TKMCE', '9946448946', 'm', 'n', 'abhilashpa252@gmail.com'),
(11414, 'gokul v ram', 'nss collage of engineering', '9496845280', 'm', 'n', 'gokul.vram@yahoo.in'),
(11415, 'Akash A V', 'North Malabar Institute Of Technology', '9746675812', 'm', 'y', 'akashav39@gmail.com'),
(11416, 'Mathew Manoj ', 'Muthoott institute of science and technology ', '9387504771', 'm', 'n', 'mathewmanoj1998@gmail.com'),
(11417, 'ATHIRA SAIGIRI', 'NSS COLLAGE OF ENGINEERING', '9746304696', 'f', 'n', 'athirasaigiri@gmail.com'),
(11418, 'sulav kafle', 'tkmce', '8590243625', 'm', 'n', 'kaflesulav3@gmail.com'),
(11419, 'Ananthu palayat ', 'Nss college of engineering ', '8281810551', 'm', 'n', 'ananthupalayat85@gmail.com'),
(11420, 'SANAL K N', 'TKMCE , KOLLAM', '8943918090', 'm', 'n', 'sanalappu1@gmail.com'),
(11421, 'TEFFIN WILSON C', 'TKMCE , KOLLAM', '7356004760', 'm', 'n', 'teffinwilson@gmail.com'),
(11422, 'Meera Harihar', 'NSS college of engineering ', ' +91 82810 7312', 'f', 'n', 'meeraharihar@gmail.com'),
(11423, 'KEERTHI V', 'TKM COLLEGE OF ENGINEERING', '8281992530', 'f', 'n', 'nihon753@gmail.com'),
(11424, 'Ashmy Achu Shinu', 'TKM COLLEGE OF ENGINEERING', '+91 90612 25025', 'f', 'n', 'ashmy.asmetta@gmail.com'),
(11425, 'Nirmal Nandakumar', 'Rajagiri school of engineering and technology ', '7559853317', 'm', 'y', 'nirmalnsn4@gmail.com'),
(11426, 'K S JUNAID MATHER', 'ADI SHANKARA INSTITUTE OF ENGINEERING AND TECHNOLOGY, KALADY', '9400880399', 'm', 'y', 'junaidmather@gmail.com'),
(11427, 'SREEHARI C R', 'NORTH MALABAR INSTITUTE OF TECHNOLOGY', '9495495792', 'm', 'y', 'harisreeatten369@gmail.com'),
(11428, 'Bharat Sajikumar', 'Saintgits College Of Engineering Kottayam', '9495454831', 'm', 'n', 'bharathsajikumar@gmail.com'),
(11430, 'AKSHAY PJ', 'ADI SHANKARA INSTITUTE OF ENGINEERING AND TECHNOLOGY, KALADY', '9495841510', 'm', 'y', 'talktopj@outlook.com'),
(11431, 'sreehari jayakumar', 'st joseph college of engineering ,pala', '9747232968', 'm', 'n', 'sharijayakumar007@gmail.com'),
(11432, 'Anjitha A', 'Nss college of engineering ', '8590747466', 'f', 'n', 'anjithaa1999@gmail.com'),
(11433, 'ARUN MATHEW', 'VIMAL JYOTHI ENGINEERING COLLEGE , CHEMPERI', '9497387030', 'm', 'n', 'arunmathewpulickan@gmail.com'),
(11434, 'Anoop Benzier F', 'Blessymol simon', '9995382479', 'f', 'n', 'roseblessy6@gmail.com'),
(11435, 'KIRAN MATHEW', 'VIMAL JYOTHI ENGINEERING COLLEGE , CHEMPERI', '9497387031', 'm', 'y', 'kiranmathewpulickan@gmail.com'),
(11436, 'JILJO K MONCY', 'IIST', '9446589586', 'm', 'n', 'jkmoncy@gmail.com'),
(11437, 'Nikhil Nelson', 'Nss college of engineering ', '7994390215', 'm', 'n', 'nikhilnelson47@gmail.com'),
(11438, 'ADITYA A RAJAN ', 'TKMCE', '8111964866', 'm', 'n', 'adityaarajan@gmail.com'),
(11439, 'MOHAMMED SHAN H', 'Tkmce', '9605493551', 'm', 'n', 'adityarajan19@yahoo.com'),
(11440, 'Anju mol k m', 'Nss college of engineering', '9847687642', 'f', 'n', 'anjukmadhu9847@gmail.com'),
(11441, 'Saranya T S', 'NSS college of engineering palakkad', '8156886291', 'f', 'n', 'saranyats999@gmail.com'),
(11442, 'Sayuj jayadev', 'TKMCE', '9400604321', 'm', 'n', 'sayujjayadev@gmail.com'),
(11443, 'Sruthi sivan k', 'Nss college of engineering', '7510950302', 'f', 'n', 'sruthisivank98@gmail.com'),
(11444, 'Anoop benzier b f', 'Nss college of engineering', '9207304407', 'm', 'n', 'anoopbenzier2014@gmail.com'),
(11445, 'Aayisha S Ahamed', 'TKMCE', '7559927400', 'f', 'n', 'aayishasahamed26@gmail.com'),
(11446, 'Archana G R', 'TKMCE', '9446707378', 'f', 'n', 'archanaresmig@gmail.com'),
(11447, 'Midhun p c', 'Tkm college of engineering', '9745977959', 'm', 'n', 'pc.midhun237@gmail.com'),
(11448, 'Muhammed Suhair C K', 'NSS College of engineering', '8086476204', 'm', 'n', 'suhairmonu74@gmail.com'),
(11449, 'Dhanush Mohan', 'Christ college of engineering', '8943236266', 'm', 'y', 'dhanusheradath@gmail.com'),
(11450, 'Anekha K', 'TKMCE', '9495293242', 'f', 'n', 'anekha98@gmail.com'),
(11451, 'Govind Renjith', 'Mar Baselios College of Engineering and Technology', '7736229936', 'm', 'n', 'govindrenjith27@gmail.com'),
(11452, 'RITHIK RAVI', 'NORTH MALABAR INSTITUTE OF TECHNOLOGY', '8281725195', 'm', 'y', 'rithikravimani@gmail.com'),
(11453, 'Febin Varghese', 'Sri Vellappally Natesan College Of Engineering ', '7034646148', 'm', 'n', 'febinvarghese123@gmail.com'),
(11454, 'MUHAMMED JANISH U', 'MES COLLEGE OF ENGINEERING', '9809440110', 'm', 'n', 'janishumj@gmail.com'),
(11455, 'AJAY PK', 'MESCE', '8281217296', 'm', 'n', 'ajaypkv1253@gmail.com'),
(11456, 'Adithya Biji', 'TKM College of Engineering ', '8111941143', 'm', 'n', 'adithyabiji1998@gmail.com'),
(11457, 'Hemanth D', 'TKMCE Kollam', '9446085171', 'm', 'n', 'dhemantd@gmail.com'),
(11458, 'Shawn Mathew Shaju', 'Model Engineering College', '7034131109', 'm', 'y', 'shawnshaju@gmail.com'),
(11459, 'SHRIYA K T', 'TKM College of engineering', '8547488790', 'f', 'n', 'shriya9596@gmail.com'),
(11460, 'Rhea Mary Josi', 'Toc H Institute of Science and Technology', '9061535579', 'f', 'n', 'rmjosi96@gmail.com'),
(11461, 'SUMESH S', 'T K M', '8606123004', 'm', 'n', 'sumeshsuresh307@gmail.com'),
(11462, 'Rahul Ramachandran Menon', 'Model Engineering College, Thrikkakkara', '8606567664', 'm', 'n', 'rahullr15rr@gmail.com'),
(11463, 'Nikhil Savy', 'Adi Shankara kalady', '9495400703', 'm', 'y', 'nikhil007savy@gmail.com'),
(11464, 'HAIZEL ELZE JOSEPH', 'BCM college', '7012362590', 'f', 'n', 'haizelej@yahoo.co.in'),
(11465, 'K NOUREEN AMINA', 'TKM COLLEGE OF ENGINEERING', '9496278649', 'f', 'n', 'noureenk2000@gmail.com'),
(11466, 'SHIBILA SHAHAR', 'TKM COLLEGE OF ENGINEERING', '9497181334', 'f', 'n', 'najumudeenrahila@gmail.com'),
(11467, 'Amita Jose', 'BCM College', '9400136485', 'f', 'n', 'swapnajoseph95@ymail.com'),
(11468, 'Ananthu Ashokan', 'KVM college of enginerring', '8086219801', 'm', 'n', 'ananthuashokan46@gmail.com'),
(11469, 'Akshay Suresh', 'KVM College of Engineering', '9447196500', 'm', 'n', 'myworld.akshay09@gmail.com'),
(11471, 'Aiswaria N Raj   ', 'KVM College of Engineering', '9495015054', 'f', 'n', 'aishucomp1997@gmail.com'),
(11472, 'Dhanush Mohan', 'Christ college of engineering', '8943246266', 'm', 'y', 'sumitha.eradath@gmail.com'),
(11473, 'Shan Peter   ', 'KVM College of Engineering', '8089876854', 'm', 'n', 'Shanpeter0@gmail.com'),
(11474, 'Anandhu P.B', 'KVM College of Engineering', '8606866700', 'm', 'n', 'anandhupb006@gmail.com'),
(11475, 'Rajeev T.K', 'KVM College of Engineering', '9995494474', 'm', 'n', 'rajeevtk27@gmail.com'),
(11476, 'V Bharat krishna', 'Model Engineering College, Thrikkakara', '9645115036', 'm', 'y', 'bharatkrishnavenkitchalam@gmail.com'),
(11477, 'Rishi joseph cheriyan', 'bishop jerome school  of architecture', '8281542975', 'm', 'n', 'josephcheriyan.rishi22@gmail.com'),
(11479, 'Benu Varghese Benjamin', 'Govt. Model Engineering College, Thrikkakara', '9446277249', 'm', 'n', 'benuvarghese123@gmail.com'),
(11480, 'Basil Thariath', 'Federal Institute of Science And Technology (FISAT)', '0091-9605739353', 'm', 'y', 'basilthariath@gmail.com'),
(11482, 'Nabil Salih', 'Rajagiri School of engineering and technology', '8137085429', 'm', 'y', 'nabilsalu@gmail.com'),
(11484, 'CHRISTY ANTONT GEORGE', 'Federal Institute of Science And Technology (FISAT)', '8086929135', 'm', 'y', 'valsageorge123@gmail.com'),
(11486, 'trial', 'tkm', '4556789', 'f', 'n', 't@g.c'),
(11487, 'trial2', 'tkm', '123456776', 'f', 'n', 'trial@g.c'),
(11488, 'Jishnu Vijayan', 'Adi Shankara Institute of Engineering and Technology', '9496079736', 'm', 'n', 'jishnuvijayan841@gmail.com'),
(11489, 'Anirudh S Menon', 'Christ College Of Engineering,Irinjalakduda', '9061573183', 'm', 'y', 'anirudhkarma@gmail.com'),
(11490, 'Raasta', 'St.Josephs College Devagiri', '9447662523', 'm', 'y', 'navaneethravindran8@gmail.com'),
(11491, 'Arjun Mohan', 'St.Josephs College Devagiri', '9809455220', 'm', 'n', 'pcarjunmohan@gmail.com'),
(11492, 'Kiran Krishnan', 'Musaliar college of engineering pathanamthitta', '8129930039', 'm', 'n', 'kirankrishnan180@gmail.com'),
(11496, 'sreejith r', 'college of engineering attingal', '9746205140', 'm', 'n', 'sreejithr2025@gmail.com'),
(11497, 'binu k jose', 'kmp college of engineering', '9645544712', 'm', 'y', 'binu.grp@gmail.com'),
(11499, 'vysakh a', 'Tkm', '9447144435', 'm', 'n', 'vaishakham123@gmail.com'),
(11500, 'Adarsh Mohan', 'Vimal Jyothi Engineering College', '9544061475', 'm', 'y', 'adarshmohan111@gmail.com'),
(11501, 'Asish K', 'Vimal Jyothi Engineering College', '9497399866', 'm', 'y', 'asish1998nov@gmail.com'),
(11502, 'Noushad TT', 'MES College of Engineering and Technology', '8089750276', 'm', 'n', 'mailnoushu@gmail.com'),
(11503, 'Rahul KR', 'nehru college of engineering and research center', '9526463101', 'm', 'y', 'rahul.jass1998@gmail.com'),
(11504, 'arun murali', 'musaliar college of enginnering and technology , pathanamthitta', '9567655188', 'm', 'n', 'arunmurali95@gmail.com'),
(11505, 'Nijil CR', 'nehru college of engineering and research centre', '8281869509', 'm', 'y', 'nijilcr98@gmail.com'),
(11506, 'Nithin KP', 'nehru college of engineering and research centre', '9745165760', 'm', 'y', 'nithinkp14@gmail.com'),
(11507, 'Rahul K R', 'Nehru college of enggineering and research centre', '9539930221', 'm', 'y', 'rahulrkr131@gmail.com'),
(11508, 'Nithin RK', 'nehru college of engineering and research centre', '9539758851', 'm', 'y', 'fbnafreak@gmail.com'),
(11509, 'prajith T', 'nehru college of engineering and research centre', '7558894193', 'm', 'y', 'tprajith70@gmail.com'),
(11510, 'sreejith s', 'nehru college of engineering and research centre', '9605165097', 'm', 'y', 'condactmesreejith.s@gmail.com'),
(11511, 'RIDHEV P', 'TKM college of engineering', '9746989841', 'm', 'n', 'r101ridhevp@gmail.com'),
(11512, 'ATHUL M K', 'TKM college of engineering', '7736178832', 'm', 'n', 'athulsathyanmk@gmail.com'),
(11513, 'Mohamed Rizwan VS', 'TKMCE', '8943112689', 'm', 'n', 'mohamedrizwan.v.s@gmail.com'),
(11514, 'Rohit Jose', 'TKMCE', '9037456187', 'm', 'n', 'rohitjose2013@gmail.com'),
(11516, 'Mohamed Rizwan V S', 'TKMCE', '7012969533', 'm', 'n', 'absartharayil@gmail.com'),
(11517, 'Vivaek varghese', 'Adishankara kalady', '9633844751', 'm', 'y', 'viveak.varghese@gmail.com'),
(11518, 'Angelin Tom', 'NSS COLLEGE OF ENGINEERING PALAKKAD ', '9496776880', 'f', 'n', 'agna.angel@gmail.com'),
(11519, 'S Hari Ganesh', 'Adishankara kalady ', '7012666101', 'm', 'y', 'hyperionharigs@gmail.com'),
(11520, 'Farzina V L', 'NSS COLLEGE OF ENGINEERING PALAKKAD ', '94446363950', 'f', 'n', 'farzinvl1@gmail.com'),
(11521, 'Nadeemsha k.k', 'Adi Shankara institute of engineering and technology kalady', '9567891070', 'm', 'y', 'nadeemshakkamal@gmail.com'),
(11522, 'Sumesh Thankachan', 'Adi Shankara Institute of Engineering and Technology, Kalady', '9747996977', 'm', 'y', 'sumeshthankachan0@gmail.com'),
(11523, 'Vishnu P V', 'Adi Shankara Institute of Engineering And Technology, Kalady', '9745760987', 'm', 'y', 'vishnupv987@gmail.com'),
(11524, 'Sujai Surya K S', 'Adi Shankara Institute of Engineering and Technology, Kalady', '9061393926', 'm', 'y', 'crsevensujai@gmail.com'),
(11525, 'Shihab.k.saleem', 'ASIET', '9745802826', 'm', 'n', 'shihab.ks56@gmail.com'),
(11526, 'Shyam Sundar K S', 'Adi Shankara Institute of Engineering And Technology, Kalady', '9446753065', 'm', 'y', 'shyamsundarks9@gmail.com'),
(11527, 'Saief Pareed', 'Asiet', '7559088999', 'm', 'y', 'saiefpareedmech@gmail.com'),
(11528, 'Ravishankar.P', 'Bishop Jerome School of Architecture', '8606048475', 'm', 'n', 'ravishankarp2323@gmail.com'),
(11529, 'Nandu Sasi', 'Adi shankara Institute of Engineering and Technology, Kalady', '9400968947', 'm', 'y', 'Nandusasi97@gmail.com'),
(11530, 'Abin B', 'TKMCE', '9947947045', 'm', 'n', 'abinkannan123@gmail.com');
INSERT INTO `participants` (`id`, `name`, `college`, `phone`, `gender`, `accommodation`, `email`) VALUES
(11531, 'Jithin kuriakose', 'Baselius college', '9745292173', 'm', 'n', 'jithinkuriakosep18@gmail.com'),
(11532, 'ANAGHA V', 'Government college of enginerring kannur', '9497503810', 'f', 'y', 'anagha.amrutham@gmail.com'),
(11533, 'Mrinal Divendu', 'Govt Model Engineering College', '7559982434', 'm', 'y', 'mrinaldivendu@gmail.com'),
(11534, 'ANGEL ROBY ', 'ST.JOSEPH\\''S COLLEGE FOR WOMEN ALAPPUZHA KERALA', '9496029410', 'f', 'n', 'angelroby.02041998@gmail.com'),
(11535, 'Niranjana S', 'Govt Model Engineering College', '8281789260', 'f', 'y', 'keerthikeethu98@gmail.com'),
(11536, 'Jagath .T', 'DB college sasthamcotta', '8138822412', 'm', 'n', 'Jagathmynagappally8@gmail.com'),
(11537, 'Harikgrishnan .G', 'DB college sasthamcotta', '8590710197', 'm', 'n', 'khari8336@gmail.com'),
(11538, 'Easwary Anikumar', 'Mar Gregorios College Of Law', '9497717876', 'f', 'n', 'eva.elanor@gmail.com'),
(11540, 'Arun D', 'NORTH MALABAR INSTITUTE OF TECHNOLOGY ', '8547429699', 'm', 'n', 'arunayk712@gmail.com'),
(11541, 'ATHUL PAVANGAT ', 'TKMCE', '9446340054', 'm', 'n', 'athulpavangat241996@gmail.com'),
(11542, 'SHIKHIL.M', 'NORTH MALABAR INSTITUTE OF TECHNOLOGY,KANHANGAD,KASARAGOD', '9207495370', 'm', 'y', 'shikhilchandranmgd@gmail.com'),
(11543, 'Devan C', 'Mount Zion college of engineering', '09846073050', 'm', 'n', 'devanchandrasekharan@gmail.com'),
(11544, 'Gokul ', 'Mount Zion college of engineering', '09539314870', 'm', 'n', 'gokulrocks916@gmail.com'),
(11545, 'Krishna Priya V', 'North Malabar Institute Of Technology ', '8301996863', 'f', 'y', 'krishnapriyav003@gmail.com'),
(11546, 'MUFAZ F.B', 'T.K.M COLLEGE OF ENGINEERING', '9495770515', 'm', 'n', 'mufazfaithila@gmail.com'),
(11547, 'Anusree', 'North Malabar Institute Of Technology', '8289944636', 'f', 'y', 'anusreeprasad853@gmail.com'),
(11550, 'Sidharth Shivdas', 'college of engineering trivandrum', '8281792073', 'm', 'n', 'sidrex97@gmail.com'),
(11555, 'Asad k p', 'NORTH MALABAR INSTITUTE OF TECHNOLOGY ', '9447623570', 'm', 'y', 'asadkochuvillyadathu123@Gmail.com'),
(11556, 'Aswin RS', 'North malabar institute of technology kanhangad', '8281033903', 'm', 'y', 'aswinrs373@gmail.com'),
(11557, 'Alen Varghese Ninan', 'Mar Baselios College Of Engineering Thiruvanthapuram', '9526273233', 'm', 'n', 'alenvarghese10@yahoo.com'),
(11559, 'Vishnu p v', 'North malabar institute of technology kanhangad', '9495645152', 'm', 'y', 'vishnuchandran343@gmail.com'),
(11560, 'ARUN V K', 'NORTH MALABAR INSTITUTE OF TECHNOLOGY', '+91 90 48 99027', 'm', 'y', 'arunvkambalathara123@gmail.com'),
(11561, 'SRILAKSHMI NARAYANAN', 'FISAT ', '9495165028', 'f', 'y', 'nsrilakshmi2010@gmail.com'),
(11562, 'ARYA S M', 'FISAT', '9539371369', 'f', 'y', 'aryamohanan12345@gmail.com'),
(11563, 'AVANTHIKA B ', 'FISAT', '9496699590', 'f', 'y', 'avanthub@gmail.com'),
(11564, 'vismaya chandran c. r', 'tkm school of architecture', '7356881934', 'f', 'n', 'vismayachandrancr9@gmail.com'),
(11565, 'shilpa. s.s ', 'tkm school of architecture', '7025051084', 'f', 'n', 'jennifer97shilpa@gmail.com'),
(11566, 'MANJIMA SUNIL', 'FISAT', '9496688529', 'f', 'y', 'manjimasunil13@gmail.com'),
(11568, 'nivedya mohan', 'FISAT', '9496057117', 'f', 'y', 'mohankuruval@gmail.com'),
(11569, 'RIA MARIAM SABU', 'FISAT', '9495248173', 'f', 'y', 'riamariamsabu@gmail.com'),
(11570, 'Arun', 'North Malabar Institute Of Technology Kanhangad', '8304095425', 'm', 'y', 'arunp2297@gmail.com'),
(11571, 'Roshni P.Menon', 'FISAT', '9567100696', 'f', 'y', 'roshnipm.ind@gmail.com'),
(11572, 'VINAYA MURALI', 'FISAT', '9497380659', 'f', 'n', 'vinayamurali2009@gmail.com'),
(11573, 'P George Abraham', 'Rajagiri School of Engineering and Technology', '9048092376', 'm', 'n', 'apgeorge67@hotmail.com'),
(11574, 'Akshaykumar p ', 'NORTH MALABAR INSTITUTE OF TECHNOLOGY ', '7034493180', 'm', 'y', 'akshaykumar3422@Gmail.com'),
(11575, 'dona grace joseph', 'tkm school of architecture', '9447309854', 'f', 'n', 'donajosephofficial@gmail.com'),
(11576, 'amal cheriyan ', 'tkm school of architecture', '8086817120', 'm', 'n', 'amalcheriyankottayil@gmail.com'),
(11577, 'Muzammil musthafa', 'Rajagiri school of engineering and technology ', '8138012157', 'm', 'y', 'Muzammilmusthafa100@gmail.com'),
(11578, 'Rohin M Thomas', 'Rajagiri School of Engineering and Technology', '8547886774', 'm', 'n', 'thomasrohin08@gmail.com'),
(11580, 'ANAGHA R NATH ', 'FISAT', '9496513180', 'f', 'y', 'anagharnathop@gmail.com'),
(11581, 'Harikrishnan K', 'NORTH MALABAR INSTITUTE OF TECHNOLOGY ', '9072139193', 'm', 'y', 'harikrishnank233@Gmail.com'),
(11582, 'Soumya R', 'TKM COLLEGE OF ENGINEERING', '8086825080', 'f', 'n', 'soumiyya27@gmail.com'),
(11583, 'JEFIN JOHN SAMUEL', 'BELIEVERS CHURCH CAARMEL ENGINEERING COLLEGE', '9544671486', 'm', 'n', 'jefinjohn.samuel.14@gmail.com'),
(11584, 'Reeba Ann Thomas', 'College of Engineering, Chenganur', '9400144054', 'f', 'n', 'reebaannthomas15@gmail.com'),
(11585, 'L BHARATH KUMAR', 'MODEL ENGINEERING COLLEGE, ERNAKULAM', '9895053843', 'm', 'y', 'kumarbharath718@gmail.com'),
(11586, 'AMAL V M', 'VIMAL JYOTHI ENGINEERING COLLEGE, CHEMPERI,KANNUR,KERALA', '9446908606', 'm', 'y', 'vmamal1999@gmail.com'),
(11587, 'Shyam K.R', 'Adi Shankara Institute of Engineering and Technology kalady', '9747372167', 'm', 'y', 'shyamkr5523@gmail.con'),
(11588, 'Akshay Prasannakumar', 'Model Engineering college', '8086726848', 'm', 'y', 'kannan.akshay98@gmail.con'),
(11589, 'Akhil Johnson', 'CET,TVM', '9497371638', 'm', 'n', 'akhil.therock.johnson@gmail.com'),
(11590, 'NIKIL K', 'NORTH MALABAR INSTITUTE OF TECHNOLOGY', '7025038727', 'm', 'y', 'nikilchayoth@gmail.com'),
(11591, 'Hari Krishna A.', 'Amrita School of Engineering', '9633666557', 'm', 'n', 'harikrishnaachu10@gmail.com'),
(11592, 'JITHIN K', 'NORTH MALABAR INSTITUTE OF TECHNOLOGY', '9562586820', 'm', 'y', 'jithinkanichira@gmail.com'),
(11593, 'Unnimaya N', 'North malabar institute of technology', '8547587522', 'f', 'y', 'unnimayan2122@gmail.com'),
(11594, 'HARIKRISHNAN K R', 'NORTH MALABAR INSTITUTE OF TECHNOLOGY', '7025002398', 'm', 'y', 'harikrizz9@gmail.com'),
(11595, 'Ananthakrishnan D.S.', 'TKMCE', '9497453799', 'm', 'n', 'ananthakrishnands@gmail.com'),
(11596, 'Nandakishor ', 'Govt.College Of Engineering Kannur', '9847761410', 'm', 'y', 'atthri.anand@gmail.com'),
(11597, 'Joseph thomas p', 'Rit, kottayam', '9048202778', 'm', 'y', 'joseph0072009@gmail.com'),
(11598, 'Ganga ng', 'Rit, kottayam', '9447886223', 'f', 'y', 'ganga9623@gmail.com'),
(11600, 'Suraj Varghese Mathew ', 'Rajagiri School of Engineering and Technology ', '9495188135', 'm', 'y', 'Srjvarghese123@gmail.com'),
(11601, 'Kevin Babu', 'Rajagiri School of Engineering and Technology ', '8157911879', 'm', 'n', 'kevinbabu74@gmail.com'),
(11603, 'Vinil Joe Vembally', 'Rajagiri School of Engineering and Technology', '7994539733', 'm', 'n', 'viniljoe1997@gmail.com'),
(11604, 'JASEEL K V', 'TKMCE', '7025434454', 'm', 'n', 'jaseelkadameri786@gmail.com'),
(11605, 'HARIKRISHNAN A', 'C M S Kottayam', '8891244685', 'm', 'y', 'harikrishnan1998@gmail.com'),
(11606, 'Frederic', 'Cet', '9400546822', 'm', 'y', 'tuttufrederic@gmail.com'),
(11607, 'Amal Noufal', 'TKM School of Architecture', '9562105510', 'm', 'n', 'amalnoufalafml@gmail.com'),
(11608, 'Aswin John ', 'Sree Buddha College Of Engineering', '+91 81378 16222', 'm', 'n', 'aswinjmaniax@gmail.com'),
(11609, 'Thahsin Mohammed Sadiq', 'Sree Buddha College Of Engineering', '+91 96565 12990', 'm', 'n', 'thxriders@gmail.com'),
(11610, 'Sreejith t.c.', 'Adishankara', '9447725251', 'm', 'n', 'sreejitht.c.101@gmail.com'),
(11612, 'Vysakh S Menon', 'Govt. Model Engineering College', '8606565909', 'm', 'y', 'decentac@yahoo.com'),
(11613, 'R Aswanth Sreeram', 'TKM School of Architecture', '8943806829', 'm', 'n', 'aswanthsreeram@gmail.com'),
(11614, 'VISHNU M', 'NORTH MALABAR INSTITUTE OF TECHNOLOGY', '8281166827', 'm', 'y', 'vishnukrishnan2429@gmail.com'),
(11615, 'Vishnu J Prakash', 'College of engineering and management Punnapra', '9744802114', 'm', 'n', 'vishnujp1997@gmail.com'),
(11616, 'BASIM ABDUL NAZEER ', 'TKM SCHOOL OF ARCHITECTURE ', '9745163328', 'm', 'n', 'basim96may@gmail.com'),
(11617, 'Mohammed Afnan ', 'TKM SCHOOL OF ARCHITECTURE ', '9961047626', 'm', 'n', 'afnantk@gmail.com'),
(11618, 'AMBADI AS', 'TKM SCHOOL OF ARCHITECTURE', '9995397716', 'm', 'n', 'ambadias10@gmail.com'),
(11619, 'Christy Rajan Mathews', 'College of Engineering, Adoor', '9745590445', 'm', 'n', 'rajanchristy167@gmail.com'),
(11620, 'Gaurav S', 'Model Engineering College', '9496624210', 'm', 'y', 'gskavingal@gmail.com'),
(11621, 'ANIL ALEX', 'SAINTGITS COLLEGE OF ENGINEERING', '9446413503', 'm', 'n', 'anilalex48@gmail.com'),
(11622, 'Adithya Krishnan', 'Model Engineering College', '8136978571', 'm', 'y', 'mr.adithya.krishnan@gmail.com'),
(11623, 'Anantha Krishna', 'College of engineering trivandrum', '9605975601', 'm', 'y', 'ananthupodiyat@gmail.com'),
(11624, 'Adithya Anoop', 'CET', '8547536469', 'm', 'n', 'adithyaanoop96@gmail.com'),
(11626, 'Asmi S Fuvad', 'T.K.M.C.E', '7736370399', 'f', 'n', 'asmi777g@gmail.com'),
(11628, 'Adithya', 'CET', '8547537469', 'm', 'n', 'adithyaanoop96@gmail.con'),
(11629, 'ANANDU N ', 'ST JOSEPH\\''S COLLEGE OF ENGG AND TECHNOLOGY, PALAI', '9400518268', 'm', 'n', 'anandu.n999@gamil.com'),
(11630, 'Athil Sageer', 'Model Engineering College, Thrikkakara', '9746667001', 'm', 'y', 'athil.online@gmail.com'),
(11631, 'Pooja CS ', 'Govt. Model Engineering college ', '9746463250', 'f', 'y', 'poojacs.123@gmail.com'),
(11632, 'Shehzin Shajahan', 'Govt. Model Engineering College', '9847789993', 'm', 'y', 'shehzincs@gmail.com'),
(11633, 'Pravin kp', 'Ies college of architecture ', '8111911061', 'm', 'n', 'architectpravinkp@gmail.com'),
(11634, 'Mohamed Ansif Anwar ', 'Ies college of architecture ', '9633221230', 'm', 'n', 'ansifanwer1@gmail.com'),
(11635, 'amar mohan', 'UKFCET', '9746170867', 'm', 'n', 'amarmohan@gmail.com'),
(11636, 'Ashique Rahman', 'ICET MUVATTUPUZHA', '9633785795', 'm', 'n', 'Ashiquerahman18@gmail.com'),
(11638, 'CHRISTY RAJAL MATHEW', 'COLLEGE OF ENGINEERING ADOOR', '8129443282', 'm', 'n', 'bismiroshan123@gmail.com'),
(11639, 'Aiswarya Lakshmi', 'TKM College of Engineering', '8111865089', 'f', 'n', 'aish.lakshmi.15@gmail.com'),
(11640, 'Rojin Geo Raju', 'Tkmce', '8547092800', 'm', 'n', 'rojingeorajuacl@gmail.com'),
(11641, 'SHAMIL KOSHY VARGHESE', 'Saintgits college of engineering,kottayam', '8281245862', 'm', 'n', 'shamilkoshy96@gmail.com'),
(11642, 'T.SREELAKSHMI', 'NORTH MALABAR INSTITUTE OF TECHNOLOGY', '9446494740', 'f', 'y', 'sreeka0098@gmail.com'),
(11643, 'Thahir Bin Thajudeen', 'Royal College of Engineering, Thrissur', '9567335729', 'm', 'y', 'thahir.thajudeen@gmail.com'),
(11644, 'Rayyan S', 'GEC ,Thrissur', '9526963220', 'm', 'n', 'rayyanshihab@gmail.com'),
(11645, 'Hari Krishnan', 'UKF College Of Engineering', '9747167311', 'm', 'n', 'ypthzme@gmail.com'),
(11646, 'Shibili K', 'nehru college of engineering and research centre', '9946753388', 'm', 'y', 'shibilishibzz10@gmail.com'),
(11647, 'Ijas MP', 'TKMCE', '7736609164', 'm', 'n', 'maliyakkalijas@gmail.com'),
(11648, 'Mohammed safarulla H', 'Nehru college of engineering and research centre,Pambady,Thrissur', '7907073478', 'm', 'y', 'Safarjaz@gmail.com'),
(11649, 'Jeevan Rah', 'College of engineering perumon', '8943225939', 'm', 'n', 'jeevanrajmullaseril@gmail.com'),
(11650, 'Theertha C H', 'TKMCE', '+919995137726', 'f', 'n', 'theerthach.ranjith@gmail.com'),
(11651, 'Aswathy R', 'Govt. Model Engineering College, Thrikkakkara', '8301970512', 'f', 'y', 'aswathyreghunath4@gmail.com'),
(11652, 'Shazia Salim ', 'Govt. Model Engineering College, Thrikkakkara', '7034511782', 'f', 'y', 'shzsalim@gmail.com'),
(11653, 'Vishnu Sreekumar', 'GECBH', '7558857511', 'm', 'n', 'vishnukollam@yahoo.com'),
(11654, 'Jesuit', 'ICET Muvattupuzha', '9048872080', 'm', 'n', 'sebastianjesuit1@gmail.com'),
(11655, 'Krishna dinesh ', 'CET', '7025990047', 'f', 'n', 'krishnadinesh@gmail.com'),
(11656, 'Blesson justin', 'CET', '8111989141', 'm', 'n', 'bjustin95@gmail.com'),
(11657, 'Sagar krishna', 'CET', '9446782274', 'm', 'n', 'skkrishna@gmail.com'),
(11658, 'SOORAJ K', 'NORTH MALABAR INSTITUTE OF TECHNOLOGY', '7558855967', 'm', 'y', 'soorajk1998@gmail.com'),
(11659, 'GAUTHAM ANIL', 'TKM COLLEGE OF ENGINEERING', '9495539935', 'm', 'n', 'gauthamanil42@gmail.com'),
(11660, 'RAHUL RAJ R', 'TKM COLLEGE OF ENGINEERING', '9947748521', 'm', 'n', 'rahulrajrmech@gmail.com'),
(11661, 'KANNAN B ZENITH', 'MESITAM', '9895931404', 'm', 'n', 'kannanzenith@gmail.com'),
(11662, 'Hazil Nazar', 'MESITAM', '8129244040', 'm', 'n', 'hazilnazar@gmail.com'),
(11663, 'Maneesh G', 'Rajadhani insitute of engineering & Technology', '8156978863', 'm', 'n', 'inroadermaneesh38@gmail.com'),
(11664, 'sa', 'asa', '23', 'm', 'n', 'sa@sd'),
(11665, 'Devi N B', 'Rajiv Gandhi institute of technology Kottayam', '9446020774', 'f', 'n', 'devinandanam96@gmail.com'),
(11666, 'Jiffy T K', 'Rajiv Gandhi institute of technology Kottayam', '9746801085', 'f', 'n', 'jiffytk@gmail.com'),
(11667, 'Ajay Krishna', 'Rajadhani insitute of engineering & Technology', '8089580760', 'm', 'n', 'ajaykrishna8642@gmail.com'),
(11668, 'Abhirami S', 'Rajadhani insitute of engineering & Technology', '9447187496', 'f', 'n', 'abhiramisuresh4801@gmail.com'),
(11669, 'Ashiq A S', 'Rajadhani insitute of engineering & Technology', '8547443661', 'm', 'n', 'ashikashok37@gmail.com'),
(11670, 'Amer faiz naha k', 'Tkm college of engineering', '8547444466', 'm', 'n', 'amarfaiznaha96@gmail.com'),
(11671, 'Feba Palliparambil Kunjumon', 'RIT,kottayam', '8606058541', 'f', 'n', 'febaannamma@gmail.com'),
(11672, 'Neenu Rachel mathai', 'rit kottayam', '8301019391', 'f', 'n', 'neenurachel1993@gmail.com'),
(11673, 'Abhijith M U', 'TKMCE', '+919447645422', 'm', 'n', 'amu0864@gmail.com'),
(11674, 'Nayana harilal', 'Tkm college of engineering', '7356304012', 'f', 'n', 'sreekalaharilal@gmail.com'),
(11676, 'ROBIN PHILIP', 'Marian Engineering College,Trivandrum', '9745496018', 'm', 'y', 'robinphilip333@gmail.com'),
(11677, 'Muhammad midlaj. M', 'College of engineering & management punnapra', '8086937255', 'm', 'n', 'midlajsadik7@gmail.com'),
(11678, 'Lekshmi Raj S', 'Bishop Moore College mavelikkara ', '9656985072', 'f', 'n', 'anandhujassi@gmail.com'),
(11681, 'Abhishek M Nair', 'TKMCE, Kollam', '9496311669', 'm', 'n', 'abhishekmnair6@gmail.com'),
(11682, 'Stephen C Philipose', 'TKMCE, Kollam', '9539742212', 'm', 'n', 'stephenphilipose@gmail.com'),
(11683, 'Santhosh', 'Christ Nagar College Maranalloor', '8714402168', 'm', 'n', 'santhoshsasi42@gmail.com'),
(11684, 'Adarsh G,R', 'Christ Nagar College', '9645858385', 'm', 'n', 'copperplanetband@gmail.com'),
(11685, 'Anupama V N', 'College of engineering chengannur', '9447390518', 'f', 'n', 'anupamavijay1198@gmail.com'),
(11686, 'Aswathy Santhosh', 'College of engineering chengannur', '9847366860', 'f', 'n', 'aswathysanthosh15@gmail.com'),
(11687, 'TRESA ANNA ANTONY', 'RIT', '9497713057', 'f', 'n', 'tresaantony2015@gmail.com'),
(11688, 'Sandramol S', 'RIT, Kottayam', '9447691507', 'f', 'n', 'sandra999acs@gmail.com'),
(11689, 'Ashifa U.P', 'Government engineering college thrissur', '9400720870', 'f', 'y', 'ashifaup333@gmail.com'),
(11690, 'Renjima Rajan', 'RIT', '8301874810', 'f', 'n', 'renjimarajan888@gmail.com'),
(11691, 'Rishad kp', 'Rajiv Gandhi Institute of technology ', '7736355307', 'm', 'n', 'rishurishad147@gmail.com'),
(11692, 'Liya mary jacob', 'RIT, KOTTAYAM', '8606552862', 'f', 'n', 'liyamary14@gmail.com'),
(11693, 'Ramya Krishnan', 'TKM College of Engineering', '7561815889', 'f', 'n', '211nairramya@gmail.com'),
(11694, 'siyad s', 'TKM COLLAGE OF EE\\\\NGINEERING', '9020533756', 'm', 'n', 'siyadshajahan777@gmail.com'),
(11695, 'Naseera kk', 'TKM COLLEGE OF ENGINEERING', '9747797233', 'f', 'n', 'naseerakk811@gmail.com'),
(11696, 'PRANAV PRABHA', 'BISHOP JEROME INSTITUTE', '9539107267', 'm', 'n', 'pranavprabha007@gmail.com'),
(11699, 'Anees Mon', 'Govt. Model Engineering College, Thrikkakara', '9020801047', 'm', 'n', 'mohd.anees9010@gmail.com'),
(11700, 'Abhishek B', 'Adi Shankara Institute of Engineering and Technology kalady', '9497594899', 'm', 'y', 'abhishekkuttan420@gmail.com'),
(11701, 'Shahana Shaji', 'College of Engineering, Kidangoor', '9539191515', 'f', 'n', 'shahanashaji1998@gmail.com'),
(11702, 'Akhila s babu', 'Govt.Engineering college bartonhill', '8129789138', 'f', 'n', 'akhilasb004@gmail'),
(11703, 'Archa S', 'Govt. Engineering college bartonhill', '9744924618', 'f', 'n', 'archavedika@gmail.com'),
(11704, 'Jibin Bijoy', 'Nirmala college of engineering Chalakudi', '8157912994', 'm', 'n', 'jibinbijoy009@gmail.com'),
(11705, 'Al Hashim K P', 'Govt. College of Engineering Kannur', '9526294159', 'm', 'n', 'alhashimkp@gmail.com'),
(11706, 'Arjun M Mohan', 'Govt. College of Engineering Kannur', '7293302609', 'm', 'n', 'arjunmanomohan24@gmai.com'),
(11707, 'CHIPPY EDWARD', 'TKM COLLEGE OF ENGINEERING', '9747670375', 'f', 'n', 'chippyedward@gmail.com'),
(11708, 'Dalu Dezin Mahboob', 'Government engineering college thrissur', '7994292332', 'f', 'y', 'daludezin@gmail.com'),
(11709, 'Emil Joseph Morris', 'UKF College of engineering', '8129811996', 'm', 'n', 'emiljosephmorris28@gmail.com'),
(11710, 'Abey Terrence Antony', 'College of engineering perumon', '7356339541', 'm', 'n', 'abterrant01@gmail.com'),
(11711, 'Mahsooma ', 'Govt. Engineering College Thrissur', '9061562142', 'f', 'y', 'nmahsooma@gmail.com'),
(11712, 'Nidha K Zubair', 'Govt. Engineering College Thrissur', '9496742155', 'f', 'y', 'nidhakzubair@gmail.com'),
(11713, 'Jumana', 'Govt. Engineering College Thrissur', '9895020339', 'f', 'y', 'jumanaashraf16@gmail.com'),
(11714, 'Anjali K V', 'Govt. Engineering College Thrissur', '8289965423', 'f', 'y', 'anjalikv.ak@gmail.com'),
(11715, 'Shirin Sahana', 'Govt. Engineering college Thrissur', '8304093212', 'f', 'n', 'shirinsahana.rinu@gmail.com'),
(11716, 'Amita Sujith', 'Govt. Model  Engineering College', '7025265090', 'f', 'y', 'sujithamita@gmail.com'),
(11717, 'Anantha Krishna', 'Rit ,Kottayam', '9747761482', 'f', 'n', 'anuanandha@gmail.com'),
(11718, 'Sruthi R', 'Govt. Engineering College Thrissur', '8129674260', 'f', 'y', 'sruthir98@gmail.com'),
(11719, 'Lakshmi Prabha C P', 'Govt. Engineering College Thrissur', '9747900578', 'f', 'y', 'lakshmiprabhacp17@gmail.com'),
(11720, 'Sreerag.R', 'Caarmel Engineering College', '9207380979', 'm', 'n', 'sreeragreghunath@gmail.com'),
(11721, 'Vijisha P V', 'Govt. Engineering College Thrissur', '7560834860', 'f', 'y', 'vijishavijayakumar1997@gmail.com'),
(11722, 'Suyesha T S', 'Govt. Engineering College Thrissur', '9446230769', 'f', 'y', 'suyeshaksathyan@gmail.com'),
(11723, 'midhun lal s', 'sree vellappalli nadesan college of engineering', '3', 'm', 'n', 'mithunlal848@gmail.com'),
(11724, 'Shyam R Nair', 'Trinity College of Engineering', '8136812712', 'm', 'n', 'shyamrnair.01@gmail.com'),
(11725, 'Sanjay S Pillai', 'C M S Kottayam', '9497317067', 'm', 'n', 'sanjayspillai@gmail.com'),
(11726, 'Robin Thomas', 'C M S Kottayam', '9496340134', 'm', 'n', 'robinrtj@gmail.com'),
(11727, 'Gabriel BM', 'C M S Kottayam', '9497474604', 'm', 'n', 'gabrielbenny67@gmail.com'),
(11728, 'JUHI FATHIMA T', 'LBSITW TRIVANDRUM', '7025129128', 'f', 'y', 'juhifatimah@gmail.com'),
(11729, 'AKHILRAJ KK', 'Tkm', '8129530756', 'm', 'n', 'akhilrajkk278.ak@gmail.com'),
(11730, 'Abhin p paul', 'Tkm', '9605577123', 'm', 'n', 'abhinppaul11@gmail.com'),
(11732, 'Haseeb KM', 'Muthoot institute of technology and science ', '9400684749', 'm', 'n', 'haseebmuhsin49@gmail.com'),
(11733, 'Hrishikesh Mohan', 'Muthoot institute of technology and science ', '9446927270', 'm', 'n', 'hrishikesmohan@gmail.com'),
(11734, 'VS Ajay', 'Caarmel Engineering College', '7025095536', 'm', 'n', 'vsajay98@gmail.com'),
(11735, 'Meenakshy kurup', 'RIT', '8281214552', 'f', 'y', 'meenakshykurup@gmail.com'),
(11737, 'SAJAN BABU', 'TKMCE', '9495312636', 'm', 'n', 'san.babu6@gmail.com'),
(11739, 'Ijaz Ahmed', 'TKMCE', '9446786841', 'm', 'n', 'ijazahamed461998@gmail.com'),
(11740, 'PRASHEEL PANICKER R', 'Believers Church Caarmel Engineering College', '9633113457', 'm', 'n', 'prasheelpanicker@gmail.com'),
(11741, 'Amal Shaju', 'Viswajyothi collage of engg. And tech.', '9605765672', 'm', 'y', 'amal.amalshaju.shaju6@gmail.com'),
(11743, 'ABIN S KUMAR', 'SREE BUDDHA COLLEGE OF ENGINEERING,PATTOOR,ALAPPUZHA', '9645452869', 'm', 'n', 'abinskumar54@gmail.com'),
(11744, 'AKHIL SADANANDAN', 'SREE BUDDHA COLLEGE OF ENGINEERING ,PATTOOR,ALAPPUZHA', '8157834709', 'm', 'n', 'akhils1027@gmail.com'),
(11746, 'Ashith Prasad', 'Caarmel Engineering College', '9605893051', 'm', 'n', 'ashith.gtz@gmail.com'),
(11747, 'Hrithik Hiran ', 'Govt.Model Engineering College', '8848665118', 'm', 'y', 'hrithikhiran@gamil.com'),
(11748, 'Vishnu V S', 'CET', '7736709739', 'm', 'n', 'fungusblacky@gmail.com'),
(11750, 'Sajan George John', 'SAINTGITS COLLEGE OF ENGINEERINGQ', '9656381211', 'm', 'n', 'sajangeorgejohn1@gmail.com'),
(11751, 'Anu siby ', 'RIT', '9745976573', 'f', 'n', 'anusiby1000@gmail.com'),
(11752, 'Aparna Ani', 'Rit pampady', '7558046530', 'f', 'n', 'aparnaani64@gmail.com'),
(11753, 'Eapen k johnson ', 'Mar baselios college of engineering ', '8606261456', 'm', 'n', 'eapenjohnson@gmail.com'),
(11754, 'Allan john benson ', 'Mar Baselios college of engineering and technology ', '+918606261456', 'm', 'n', 'jballan98@gmail.com'),
(11758, 'LEKSHMI S MURALI', 'RAJADHANI INSTITUTE OF ENGINEERING AND TECHNOLOGY', '9447499342', 'f', 'n', 'sageshmrnair@gmail.com'),
(11759, 'Akshatha MS', 'TKM college of engineering ', '9400012197', 'f', 'n', 'akshathamsd@gmail.com'),
(11760, 'SREEKUTTEN S', 'SAINTGITS COLLEGE OF ENGINEERING', '9539878127', 'm', 'n', 'sreekuttensudarsan@gmail.com'),
(11761, 'VIPIN V', 'SAINTGITS COLLEGE OF ENGINEERING', '8943202997', 'm', 'n', '123vipinviswan007@gmail.com'),
(11762, 'Sreedhar.R', 'Govt.Engg College Barton Hill', '9447517200', 'm', 'n', 'rsreedhar777@gmail.com'),
(11763, 'Shahin Paroopanakkal Saleem', 'Cucek', '8943197373', 'm', 'y', 'shahinsaleem@gmail.com'),
(11765, 'Amala Rose James', 'Saintgits college of engineering, Pathamuttam, Kottayam', '8547429839', 'f', 'n', 'amala.rj1620@saintgits.org'),
(11767, 'SUJIN P JOHN', 'SAINTGITS COLLEGE OF ENGINEERING', '9048834217', 'm', 'n', 'sujinjohnp@gmail.com'),
(11768, 'RISON BENEDICT', 'SAINTGITS COLLEGE OF ENGINEERING', '7034345923', 'm', 'n', 'risonbenedict@gmail.com'),
(11769, 'Anjaly A Shenoy', 'Saintgits college of engineering, Pathamuttam, Kottayam', '+91 81570 67872', 'f', 'n', 'anjaly.as1620@saintgits.org'),
(11770, 'Subin Babu', 'TKMCE', '8281838685', 'm', 'n', 'subintbabu97@gmail.com'),
(11772, 'Nikhil chandran B S', 'Government engineering college bartonhill', '9809320917', 'm', 'n', 'nikkunikku604@gmail.com'),
(11773, 'Joel T Varghese', 'Saintgits College Of Engineering', '9447703954', 'm', 'n', 'joelkarimkuttickal@gmail.com'),
(11774, 'Shilpa G Pradeep', 'Saintgits College Of Engineering', '9495707048', 'f', 'n', 'shilpagpradeep@gmail.com'),
(11775, 'Drishya Sajeev ', 'TKM college of engineering ', '9497157246', 'f', 'n', 'drishyasajeev41@gmail.com'),
(11777, 'Joel joy', 'Muthoot institute of technology and science', '8943941689', 'm', 'n', 'joeljoy97@gmail.com'),
(11778, 'Jithin o chacko', 'Muthoot institute of technology and science', '8547001398', 'm', 'n', 'chackochy97@gmail.com'),
(11779, 'SHINON SAJI JACOB MAVELIL', 'COLLEGE OF ENGINEERING CHENGANNUR', '8113964162', 'm', 'n', 'shinonsjm@gmail.com'),
(11781, 'DEVIKA V NAIR', 'COLLEGE OF ENGINEERING CHENGANNUR', '8281182282', 'f', 'n', 'devikaveereshnair@gmail.com'),
(11782, 'SAGESH M R ', 'RAJADHANI INSTITUTE OF ENGINEERING AND TECHNOLOGY', '9633194993', 'm', 'n', 'sagesh7736594143@gmail.com'),
(11783, 'KARTHIKA UMESH', 'COLLEGE OF ENGINEERING CHENGANNUR', '9447301700', 'f', 'n', 'karthikaumeshku@gmail.com'),
(11784, 'GOWRI VINU ', 'RAJADHANI INSTITUTE OF ENGINEERING AND TECHNOLOGY', '7736594143', 'm', 'n', 'gowriv605@gmail.com'),
(11785, 'JISHNU JAYAPRAKASH', 'COLLEGE OF ENGINEERING CHENGANNUR', '9446000659', 'm', 'n', 'jishnujprksh007@gmail.com'),
(11786, 'LEKSHMI SAJEEVAN', 'RAJADHANI INSTITUTE OF ENGINEERING AND TECHNOLOGY', '8156923229', 'f', 'n', 'lekshmisajeevan123@gmail.com'),
(11787, 'Ajmal shah', 'MESITAM,chathannoor', '7907977192', 'm', 'n', 'ajmalshah0009@gmail.com'),
(11788, 'Shiyas ellyas', 'Tkm centre for higher learning,kollam', '9656761714', 'm', 'n', 'shiyasellyas123@gmail.com'),
(11789, 'Sankeerthana S', 'rajiv gandhi institute of technology, pampady', '7025763489', 'f', 'n', 'sankeerthasankim8@gmail.com'),
(11790, 'Femy Susan Markose', 'RAJIV GANDHI INSTITUTE OF TECHNOLOGY KOTTAYAM', '9447124979', 'f', 'y', 'femy1996@gmail.com'),
(11791, 'Sajin Reji', 'College Of engineering, Perumon', '8113099721', 'm', 'n', 'reji.sajin@gmail.com'),
(11792, 'Vipin S George', 'College of Engineering Perumon', '9447504627', 'm', 'n', 'vipinsgeorge18@gmail.com'),
(11793, 'MERRY ANN MATHEW', 'Govt. Rajiv Gandhi Institute of Technology, Kottayam', '8989042759', 'f', 'y', 'merrymatthew97@gmail.com'),
(11794, 'Misha Maria Mathews', 'RIT Kottayam ', '9947918806', 'f', 'n', 'mishamariya@gmail.com');

-- --------------------------------------------------------

--
-- Table structure for table `team`
--

CREATE TABLE IF NOT EXISTS `team` (
  `sno` int(10) NOT NULL AUTO_INCREMENT,
  `event_id` int(10) NOT NULL,
  `head_id` int(10) NOT NULL,
  `member_id` int(10) NOT NULL,
  PRIMARY KEY (`sno`)
) ENGINE=InnoDB  DEFAULT CHARSET=latin1 AUTO_INCREMENT=209 ;

--
-- Dumping data for table `team`
--

INSERT INTO `team` (`sno`, `event_id`, `head_id`, `member_id`) VALUES
(1, 1014, 11002, 11003),
(2, 1006, 11005, 11006),
(3, 1007, 11005, 11007),
(4, 1011, 11010, 11011),
(5, 1074, 11012, 11012),
(6, 1034, 11014, 11015),
(7, 1073, 11017, 11018),
(8, 1035, 11021, 11022),
(9, 1002, 11023, 11024),
(10, 1073, 11029, 11030),
(11, 1068, 11034, 11035),
(12, 1073, 11038, 11038),
(13, 1068, 11040, 11041),
(14, 1002, 11042, 11042),
(15, 1031, 11043, 11044),
(16, 1074, 11045, 11046),
(17, 1011, 11047, 11048),
(18, 1073, 11051, 11051),
(19, 1009, 11052, 11053),
(20, 1073, 11055, 11055),
(21, 1009, 11056, 11057),
(22, 1007, 11058, 11058),
(23, 1069, 11059, 11060),
(24, 1011, 11063, 11064),
(25, 1011, 11065, 11065),
(26, 1035, 11066, 11066),
(27, 1074, 11071, 11072),
(28, 1078, 11073, 11073),
(29, 1074, 11080, 11082),
(30, 1011, 11083, 11084),
(31, 1079, 11086, 11087),
(32, 1011, 11093, 11094),
(33, 1034, 11096, 11097),
(34, 1006, 11099, 11099),
(35, 1032, 11103, 11102),
(36, 1011, 11107, 11107),
(37, 1058, 11108, 11109),
(38, 1034, 11116, 11117),
(39, 1004, 11118, 11118),
(40, 1014, 11122, 11123),
(41, 1011, 11125, 11126),
(42, 1041, 11127, 11127),
(43, 1041, 11132, 11132),
(44, 1064, 11133, 11134),
(45, 1041, 11129, 11135),
(46, 1040, 11138, 11139),
(47, 1067, 11133, 11134),
(48, 1005, 11140, 11136),
(49, 1014, 11142, 11142),
(50, 1014, 11143, 11143),
(51, 1014, 11144, 11144),
(52, 1009, 11145, 11146),
(53, 1014, 11147, 11147),
(54, 1041, 11153, 11154),
(55, 1041, 11159, 11160),
(56, 1041, 11160, 11161),
(57, 1047, 11153, 11154),
(58, 1067, 11167, 11168),
(59, 1075, 11169, 11171),
(60, 1033, 11178, 11178),
(61, 1073, 11182, 11183),
(62, 1073, 11190, 11190),
(63, 1041, 11191, 11191),
(64, 1043, 11191, 11191),
(65, 1031, 11195, 11196),
(66, 1011, 11204, 11205),
(67, 1088, 11208, 11208),
(68, 1064, 11209, 11210),
(69, 1041, 11153, 11154),
(70, 1047, 11153, 11154),
(71, 1064, 11221, 11209),
(72, 1047, 11224, 11225),
(73, 1047, 11226, 11227),
(74, 1040, 11238, 11238),
(75, 1068, 11240, 11241),
(76, 1064, 11266, 11064),
(77, 1088, 11275, 11275),
(78, 1030, 11287, 11288),
(79, 1058, 11108, 11109),
(80, 1089, 11108, 11109),
(81, 1009, 11294, 11296),
(82, 1032, 11299, 11299),
(83, 1034, 11301, 11302),
(84, 1034, 11308, 11309),
(85, 1040, 11312, 11313),
(86, 1088, 11322, 11323),
(87, 1028, 11324, 11325),
(88, 1032, 11327, 11328),
(89, 1028, 11331, 11328),
(90, 1030, 11331, 11328),
(91, 1088, 11322, 11332),
(92, 1030, 11327, 11334),
(93, 1032, 11335, 11336),
(94, 1030, 11274, 11331),
(95, 1069, 11337, 11285),
(96, 1071, 11337, 11338),
(97, 1068, 11339, 11340),
(98, 1044, 11331, 11328),
(99, 1043, 11344, 11344),
(100, 1006, 11350, 11351),
(101, 1005, 11356, 11356),
(102, 1014, 11357, 11357),
(103, 1032, 11370, 11371),
(104, 1040, 11375, 11375),
(105, 1079, 11377, 11377),
(106, 1002, 11396, 11396),
(107, 1002, 11406, 11407),
(108, 1015, 11410, 11411),
(109, 1043, 11412, 11413),
(110, 1043, 11420, 11421),
(111, 1058, 11423, 11424),
(112, 1030, 11438, 11439),
(113, 1005, 11445, 11446),
(114, 1042, 11454, 11455),
(115, 1042, 11454, 11455),
(116, 1075, 11129, 11129),
(117, 1005, 11464, 11464),
(118, 1009, 11465, 11466),
(119, 1002, 11484, 11484),
(120, 1006, 11484, 11064),
(121, 1002, 11490, 11491),
(122, 1017, 11496, 11064),
(123, 1019, 11496, 11064),
(124, 1017, 11496, 11064),
(125, 1019, 11496, 11064),
(126, 1034, 11492, 11504),
(127, 1039, 11511, 11512),
(128, 1034, 11513, 11514),
(129, 1032, 11533, 11325),
(130, 1030, 11536, 11537),
(131, 1056, 11543, 11544),
(132, 1079, 11543, 11544),
(133, 1002, 11545, 11545),
(134, 1002, 11547, 11547),
(135, 1077, 11564, 11565),
(136, 1078, 11564, 11565),
(137, 1019, 11571, 11572),
(138, 1019, 11571, 11571),
(139, 1075, 11575, 11576),
(140, 1077, 11575, 11576),
(141, 1066, 11074, 11589),
(142, 1002, 11593, 11593),
(143, 1028, 11600, 11601),
(144, 1031, 11600, 11600),
(145, 1032, 11601, 11603),
(146, 1009, 11608, 11609),
(147, 1053, 11610, 11610),
(148, 1079, 11613, 11613),
(149, 1033, 11616, 11617),
(150, 1032, 11618, 11616),
(151, 1041, 11621, 11155),
(152, 1017, 11628, 11624),
(153, 1054, 11628, 11624),
(154, 1032, 11459, 11064),
(155, 1005, 11629, 11431),
(156, 1075, 11633, 11634),
(157, 1002, 11638, 11115),
(158, 1034, 11643, 11644),
(159, 1002, 11645, 11645),
(160, 1005, 11645, 11645),
(161, 1041, 11636, 11654),
(162, 1002, 11156, 11655),
(163, 1004, 11156, 11656),
(164, 1006, 11156, 11657),
(165, 1048, 11661, 11662),
(166, 1030, 11665, 11666),
(167, 1030, 11671, 11672),
(168, 1040, 11681, 11682),
(169, 1004, 11683, 11684),
(170, 1061, 11685, 11686),
(171, 1030, 11687, 11688),
(172, 1030, 11691, 11692),
(173, 1028, 11694, 11695),
(174, 1043, 11696, 11344),
(175, 1062, 11702, 11703),
(176, 1063, 11702, 11703),
(177, 1064, 11702, 11703),
(178, 1066, 11702, 11703),
(179, 1067, 11702, 11703),
(180, 1088, 11705, 11706),
(181, 1006, 11709, 11710),
(182, 1098, 11714, 11715),
(183, 1030, 11671, 11717),
(184, 1030, 11671, 11717),
(185, 1062, 11729, 11730),
(186, 1064, 11729, 11730),
(187, 1041, 11732, 11733),
(188, 1034, 11720, 11734),
(189, 1019, 11737, 11739),
(190, 1028, 11685, 11686),
(191, 1028, 11743, 11744),
(192, 1030, 11671, 11717),
(193, 1064, 11750, 11750),
(194, 1030, 11751, 11752),
(195, 1033, 11753, 11754),
(196, 1067, 11759, 11759),
(197, 1064, 11760, 11761),
(198, 1064, 11767, 11768),
(199, 1064, 11765, 11769),
(200, 1041, 11770, 11412),
(201, 1041, 11421, 11413),
(202, 1041, 11773, 11064),
(203, 1041, 11773, 11774),
(204, 1041, 11777, 11778),
(205, 1032, 11787, 11788),
(206, 1019, 11791, 11792),
(207, 1028, 11793, 11794),
(208, 1058, 11793, 11735);

-- --------------------------------------------------------

--
-- Table structure for table `transactions`
--

CREATE TABLE IF NOT EXISTS `transactions` (
  `sno` int(10) NOT NULL AUTO_INCREMENT,
  `part_id` int(10) NOT NULL,
  `amt` int(10) NOT NULL,
  `trans_id` varchar(50) NOT NULL,
  `time` timestamp NOT NULL DEFAULT CURRENT_TIMESTAMP ON UPDATE CURRENT_TIMESTAMP,
  PRIMARY KEY (`sno`),
  UNIQUE KEY `trans_id` (`trans_id`)
) ENGINE=InnoDB  DEFAULT CHARSET=latin1 AUTO_INCREMENT=325 ;

--
-- Dumping data for table `transactions`
--

INSERT INTO `transactions` (`sno`, `part_id`, `amt`, `trans_id`, `time`) VALUES
(1, 11001, 300, '6307417455218', '2017-03-09 04:23:46'),
(2, 11002, 500, '7335958982', '2017-03-09 04:23:46'),
(3, 11005, 1150, '1325277522', '2017-03-09 04:23:46'),
(4, 11004, 100, '7338425122', '2017-03-09 04:23:46'),
(5, 11012, 100, '7357680482', '2017-03-09 04:23:46'),
(6, 11013, 200, '7360403498', '2017-03-09 04:23:46'),
(7, 11014, 400, '7360650386', '2017-03-09 04:23:46'),
(8, 11017, 200, '7361990174', '2017-03-09 04:23:46'),
(9, 11019, 100, '\\''', '2017-03-09 04:23:46'),
(10, 11023, 400, '7387894818', '2017-03-09 04:23:46'),
(11, 11029, 200, ' 7395237342', '2017-03-09 04:23:46'),
(12, 11031, 100, '7397761774', '2017-03-09 04:23:46'),
(13, 11034, 100, '7403279398', '2017-03-09 04:23:46'),
(14, 11038, 200, '227923756870630', '2017-03-09 04:23:46'),
(15, 11040, 100, '7434210754', '2017-03-09 04:23:46'),
(16, 11045, 100, '7448672614', '2017-03-09 04:23:46'),
(17, 11051, 200, '7465217154', '2017-03-09 04:23:46'),
(18, 11055, 200, '2860019625', '2017-03-09 04:23:46'),
(19, 11059, 200, '7474802610', '2017-03-09 04:23:46'),
(20, 11071, 100, '75046 00902', '2017-03-09 04:23:46'),
(21, 11073, 100, '7505528414', '2017-03-09 04:23:46'),
(22, 11079, 0, '7524973718', '2017-03-09 04:23:46'),
(23, 11080, 100, '7527238134', '2017-03-09 04:23:46'),
(24, 11086, 200, '2869995665', '2017-03-09 04:23:46'),
(25, 11096, 400, '7540053034', '2017-03-09 04:23:46'),
(26, 11098, 200, '7543830126', '2017-03-09 04:23:46'),
(27, 11105, 0, '7569865090', '2017-03-09 04:23:46'),
(28, 11106, 100, '7572087970', '2017-03-09 04:23:46'),
(29, 11115, 100, '7579824730', '2017-03-09 04:23:46'),
(30, 11118, 400, '7596362278', '2017-03-09 12:08:29'),
(31, 11120, 0, '7600097286', '2017-03-09 13:54:35'),
(32, 11122, 500, '7600977314', '2017-03-09 14:07:58'),
(33, 11128, 100, '7603426882', '2017-03-09 15:02:19'),
(34, 11136, 0, '7605087970', '2017-03-09 15:40:52'),
(35, 11140, 250, '7605414570', '2017-03-09 15:48:44'),
(36, 11141, 100, '7605642614', '2017-03-09 15:54:33'),
(37, 11142, 500, '7482674814', '2017-03-09 15:55:50'),
(38, 11143, 500, '7572184758', '2017-03-09 15:59:37'),
(39, 11144, 500, '75615690034', '2017-03-09 16:04:41'),
(40, 11147, 500, '7549723102', '2017-03-09 16:07:14'),
(41, 11162, 0, '7609825838', '2017-03-09 18:22:57'),
(42, 11164, 150, '7610475578', '2017-03-09 19:42:56'),
(43, 11165, 0, '7491152934', '2017-03-10 06:10:02'),
(44, 11169, 100, '7627725782', '2017-03-10 10:29:03'),
(45, 11174, 0, '7388096198', '2017-03-10 12:13:09'),
(46, 11178, 500, '67109159405', '2017-03-10 13:02:32'),
(51, 11180, 0, 'SBTR0000397', '2017-03-10 13:30:33'),
(67, 11182, 200, '7636004462', '2017-03-10 14:14:27'),
(68, 11184, 300, '7636119822', '2017-03-10 14:17:09'),
(69, 11185, 300, '7636325790', '2017-03-10 14:22:02'),
(70, 11186, 300, '7636441322', '2017-03-10 14:24:48'),
(71, 11187, 300, '7636533414', '2017-03-10 14:27:07'),
(72, 11189, 300, '7636614950', '2017-03-10 14:35:36'),
(73, 11190, 200, '8850903542170680', '2017-03-10 14:50:34'),
(74, 11193, 300, '7641762390', '2017-03-10 16:50:37'),
(76, 11194, 300, '7642151630', '2017-03-10 17:04:19'),
(77, 11195, 100, '7642616606', '2017-03-10 17:23:30'),
(78, 11199, 300, '7643635426', '2017-03-10 18:20:36'),
(79, 11200, 300, '7643844178', '2017-03-10 18:38:33'),
(80, 11201, 300, '7643924566', '2017-03-10 18:47:58'),
(81, 11202, 0, '117030906768955', '2017-03-10 19:12:15'),
(86, 11206, 300, '7646305338', '2017-03-11 02:19:59'),
(88, 11212, 300, '7648381882', '2017-03-11 04:07:37'),
(89, 11215, 300, '7649057022', '2017-03-11 04:33:49'),
(90, 11231, 300, '7651923290', '2017-03-11 06:10:41'),
(91, 11237, 500, '7654213550', '2017-03-11 07:24:55'),
(93, 11238, 0, 'https://docs.google.com/forms/d/e/1FAIpQLSfM1iQuaQ', '2017-03-11 07:37:19'),
(94, 11239, 300, '7657691930', '2017-03-11 09:12:44'),
(95, 11243, 200, '7661078182', '2017-03-11 10:40:21'),
(96, 11244, 300, '7661343550', '2017-03-11 10:46:43'),
(97, 11249, 300, '7649675070', '2017-03-11 13:11:29'),
(98, 11252, 300, '7669220918', '2017-03-11 14:24:30'),
(99, 11253, 300, '7669417882', '2017-03-11 14:29:22'),
(100, 11263, 300, '7672444106', '2017-03-11 15:43:37'),
(101, 11264, 100, '7673272066', '2017-03-11 16:06:50'),
(102, 11270, 100, 'CT11270', '2017-03-11 16:48:41'),
(103, 11272, 300, 'tfgjhkl', '2017-03-11 17:14:29'),
(104, 11237, 500, '7679698246', '2017-03-12 02:51:42'),
(105, 11282, 300, '7680706334', '2017-03-12 03:50:17'),
(106, 11173, 500, '7680930278', '2017-03-12 04:07:35'),
(108, 11274, 500, '7681881890', '2017-03-12 04:28:58'),
(110, 11108, 300, '7685019362', '2017-03-12 06:11:13'),
(111, 11293, 100, '7691627322', '2017-03-12 09:28:42'),
(112, 11297, 500, '769835342', '2017-03-12 10:39:48'),
(113, 11300, 100, '2896849323', '2017-03-12 11:00:36'),
(114, 11303, 100, '7696097530', '2017-03-12 11:55:52'),
(116, 11304, 500, '7696456250', '2017-03-12 12:07:03'),
(117, 11305, 750, 'gdhdby', '2017-03-12 12:09:36'),
(118, 11308, 400, '7697005370', '2017-03-12 12:25:04'),
(119, 11310, 100, '7697033190', '2017-03-12 12:25:54'),
(120, 11315, 300, '173837388', '2017-03-12 14:17:39'),
(121, 11318, 500, '7702931578', '2017-03-12 15:06:08'),
(122, 11319, 500, '7703086742', '2017-03-12 15:10:20'),
(123, 11321, 500, '7703250486', '2017-03-12 15:14:45'),
(124, 11324, 200, '7703310102', '2017-03-12 15:16:06'),
(125, 11326, 500, '7703389910', '2017-03-12 15:18:09'),
(126, 11327, 200, '7703649574', '2017-03-12 15:25:56'),
(127, 11329, 500, '7703729858', '2017-03-12 15:27:40'),
(128, 11320, 100, '7703588810', '2017-03-12 15:28:19'),
(130, 11322, 1000, '7704807386', '2017-03-12 16:00:38'),
(131, 11335, 200, '609683', '2017-03-12 16:30:44'),
(132, 11339, 100, '7706382954', '2017-03-12 16:54:03'),
(133, 11341, 100, '7706441738', '2017-03-12 16:57:21'),
(134, 11342, 500, '7707253894', '2017-03-12 17:32:46'),
(135, 11344, 150, '9633150988', '2017-03-12 18:37:14'),
(136, 11345, 0, '7708640634', '2017-03-12 19:49:02'),
(138, 11350, 400, '7712122482', '2017-03-13 03:40:44'),
(139, 11356, 150, '7713338434', '2017-03-13 04:25:47'),
(140, 11357, 500, '7713666850', '2017-03-13 04:37:49'),
(141, 11317, 500, '7713728254', '2017-03-13 04:39:40'),
(142, 11359, 0, '7713788426', '2017-03-13 04:41:54'),
(143, 11361, 300, '2900436233', '2017-03-13 06:24:05'),
(144, 11362, 300, '2900529440', '2017-03-13 06:28:57'),
(145, 11363, 500, '7691724718', '2017-03-13 06:37:25'),
(146, 11366, 300, '2900866583', '2017-03-13 07:35:30'),
(147, 11369, 750, '7725676374', '2017-03-13 12:20:46'),
(148, 11370, 200, '7725748366', '2017-03-13 12:23:42'),
(149, 11372, 750, '7726236722', '2017-03-13 12:39:51'),
(150, 11376, 750, '7727720634', '2017-03-13 13:30:25'),
(151, 11377, 400, '7728426218', '2017-03-13 13:46:49'),
(152, 11378, 0, '7728529354', '2017-03-13 13:49:11'),
(153, 11382, 300, '772881166', '2017-03-13 13:58:13'),
(154, 11384, 0, '7729052950', '2017-03-13 14:03:08'),
(155, 11385, 300, '7729055098', '2017-03-13 14:03:18'),
(156, 11386, 750, '7729205954', '2017-03-13 14:06:59'),
(157, 11392, 300, '7729531930', '2017-03-13 14:15:18'),
(158, 11397, 750, '7729663188', '2017-03-13 14:20:21'),
(159, 11398, 0, '77297330422', '2017-03-13 14:20:27'),
(160, 11405, 750, '7730210338', '2017-03-13 14:34:08'),
(161, 11414, 300, '7730955078', '2017-03-13 14:54:33'),
(162, 11415, 750, '7730976188', '2017-03-13 14:56:10'),
(166, 11417, 300, '7731346418', '2017-03-13 15:04:57'),
(167, 11419, 300, '7731565302', '2017-03-13 15:11:41'),
(169, -1, 300, '7731713946', '2017-03-13 15:15:48'),
(170, 11425, 750, '7722952914', '2017-03-13 15:16:54'),
(171, 11427, 0, '7731754490', '2017-03-13 15:22:26'),
(172, 11369, 750, '7725674782', '2017-03-13 15:22:56'),
(173, 11432, 300, '7732167198', '2017-03-13 15:28:47'),
(174, 11372, 750, '7726235018', '2017-03-13 15:31:30'),
(175, 11434, 300, '7732424814', '2017-03-13 15:36:19'),
(176, 11437, 300, '7732647826', '2017-03-13 15:43:28'),
(177, 11438, 700, '7732656294', '2017-03-13 15:44:14'),
(178, 11440, 300, '7732752730', '2017-03-13 15:46:34'),
(179, 11441, 300, '7732842258', '2017-03-13 15:49:10'),
(180, 11443, 300, '7733188350', '2017-03-13 16:02:01'),
(181, 11444, 300, '7733336414', '2017-03-13 16:04:44'),
(182, 11448, 300, '7733652342', '2017-03-13 16:14:59'),
(183, 11451, 100, '7734222846', '2017-03-13 16:34:38'),
(184, 11452, 750, '7734220574', '2017-03-13 16:34:58'),
(185, 11453, 100, '7734256478', '2017-03-13 16:35:59'),
(186, 11456, 750, '7734582554', '2017-03-13 16:49:19'),
(187, 11454, 150, '7735100902', '2017-03-13 17:10:35'),
(188, 11458, 300, '7735101014', '2017-03-13 17:11:55'),
(190, 11129, 100, '7735151138', '2017-03-13 17:14:45'),
(191, 11460, 50, '7735252690', '2017-03-13 17:17:44'),
(192, 11461, 100, 'Txn ID', '2017-03-13 17:25:12'),
(193, 11462, 500, '7735412010', '2017-03-13 17:26:30'),
(194, 11465, 200, '7735688646', '2017-03-13 17:40:29'),
(195, 11468, 300, '7735867778', '2017-03-13 17:50:10'),
(196, 11315, 300, '7735931378', '2017-03-13 17:54:03'),
(197, 11469, 300, '7735965838', '2017-03-13 17:56:29'),
(198, 11471, 300, '7735997714', '2017-03-13 17:58:29'),
(199, 11473, 300, '7736045586', '2017-03-13 18:01:36'),
(200, 11474, 300, '7736078238', '2017-03-13 18:03:54'),
(201, 11475, 300, '7736102326', '2017-03-13 18:05:43'),
(202, 11479, 200, '7736392314', '2017-03-13 18:30:43'),
(203, 11487, 100, '1111111', '2017-03-13 18:51:15'),
(204, 11489, 0, '7736598670', '2017-03-13 19:04:23'),
(207, 11499, 300, '7739245598', '2017-03-14 02:57:21'),
(208, 11265, 750, '7742790370', '2017-03-14 05:01:02'),
(210, 11492, 400, '7743075250', '2017-03-14 05:09:04'),
(211, 11518, 300, '7745859098', '2017-03-14 06:17:44'),
(212, 11520, 300, '7746062142', '2017-03-14 06:23:35'),
(214, 11531, 100, '7749216938', '2017-03-14 07:45:57'),
(215, 11532, 300, '7748994746', '2017-03-14 07:47:14'),
(216, 11415, 750, '7730976118', '2017-03-14 08:07:04'),
(217, 11536, 200, '7748569126', '2017-03-14 10:09:56'),
(218, 11541, 200, '7755242126', '2017-03-14 10:47:52'),
(219, 11542, 750, '9207495370', '2017-03-14 10:57:12'),
(220, 11545, 400, '7757275562', '2017-03-14 11:51:12'),
(221, 11542, 0, '7757913322', '2017-03-14 12:02:11'),
(222, 11547, 400, '7758037854', '2017-03-14 12:04:16'),
(225, 11550, 100, '7758612054', '2017-03-14 12:19:27'),
(228, 11555, 750, '7758893714', '2017-03-14 12:28:49'),
(229, 11556, 750, '7759443062', '2017-03-14 12:42:37'),
(230, 11559, 750, '7759736178', '2017-03-14 12:49:51'),
(231, -1, 750, '7759874242', '2017-03-14 12:55:12'),
(232, 11564, 300, '2907782834', '2017-03-14 13:01:48'),
(233, 11570, 750, '707312292876', '2017-03-14 13:11:09'),
(234, 11573, 100, '7760580534', '2017-03-14 13:13:14'),
(235, 11405, 750, 'CT11405', '2017-03-14 13:13:18'),
(236, 11574, 0, '7760842594', '2017-03-14 13:18:41'),
(237, 11575, 300, '2907897978', '2017-03-14 13:19:38'),
(239, 11577, 750, '7761022166', '2017-03-14 13:22:50'),
(240, 11574, 0, '7760844294', '2017-03-14 13:23:36'),
(241, 11578, 100, '7760962006', '2017-03-14 13:24:02'),
(242, 11581, 0, '77613863698', '2017-03-14 13:34:31'),
(245, 11581, 750, '7761383698', '2017-03-14 13:43:14'),
(246, 11582, 50, '7762147910', '2017-03-14 13:50:18'),
(247, 11584, 500, '7762546638', '2017-03-14 13:59:31'),
(248, 11585, 200, '7762593026', '2017-03-14 14:00:33'),
(250, 11590, 750, '7763611266', '2017-03-14 14:24:50'),
(251, 11592, 750, '7764260682', '2017-03-14 14:40:33'),
(252, 11593, 400, '7764341026', '2017-03-14 14:42:28'),
(253, 11594, 750, '7764472670', '2017-03-14 14:45:43'),
(254, 11595, 700, '7765221658', '2017-03-14 15:03:47'),
(255, 11607, 50, '7768297778', '2017-03-14 16:22:30'),
(256, 11576, 50, '1', '2017-03-14 16:28:57'),
(257, 11576, 0, '7768552829', '2017-03-14 16:30:40'),
(258, 11612, 500, '7768829258', '2017-03-14 16:41:33'),
(259, 11613, 200, '7768932926', '2017-03-14 16:42:57'),
(260, 11614, 750, '7768824146', '2017-03-14 16:45:47'),
(261, 11619, 50, '7769493178', '2017-03-14 17:02:38'),
(262, 11540, 750, '6156640532270730', '2017-03-14 17:28:00'),
(263, 11630, 600, '7770888358', '2017-03-14 18:04:20'),
(264, 11453, 750, '7770829342', '2017-03-14 18:07:39'),
(265, 11631, 500, '7770924510', '2017-03-14 18:07:56'),
(266, 11632, 500, '7771089118', '2017-03-14 18:16:46'),
(267, 11633, 100, '7771096982', '2017-03-14 18:17:35'),
(268, 11638, 400, '6953632392370730', '2017-03-14 18:28:50'),
(269, 11640, 850, '7771494578', '2017-03-14 19:05:30'),
(270, 11642, 0, '572901723', '2017-03-15 01:44:23'),
(271, 11645, 550, '7773333302', '2017-03-15 02:12:08'),
(272, 11651, 500, '7778315150', '2017-03-15 05:05:39'),
(274, 11658, 750, '7779191194', '2017-03-15 05:30:20'),
(275, 11658, 0, '777', '2017-03-15 05:31:22'),
(276, 11663, 0, '7781341738', '2017-03-15 06:30:57'),
(278, 11664, 750, 'test', '2017-03-15 06:50:29'),
(281, 11667, 750, '7782749054', '2017-03-15 07:14:55'),
(282, 11668, 750, '7782907126', '2017-03-15 07:18:29'),
(284, 11670, 0, '7783034074', '2017-03-15 07:20:48'),
(286, 11674, 750, '7783317302', '2017-03-15 07:29:24'),
(295, 11683, 400, '7785653702', '2017-03-15 08:43:32'),
(296, 11689, 350, '7786687398', '2017-03-15 09:16:06'),
(298, 11696, 350, '7788576086', '2017-03-15 10:21:22'),
(299, 11699, 500, '7790301722', '2017-03-15 11:19:10'),
(300, 11701, 500, '7790829034', '2017-03-15 11:34:45'),
(301, 11705, 1000, '7791092826', '2017-03-15 11:44:47'),
(302, 11707, 50, '7791340766', '2017-03-15 11:49:48'),
(303, 11708, 400, '7791570122', '2017-03-15 11:56:33'),
(304, 11711, 400, '7792196530', '2017-03-15 12:14:24'),
(305, 11712, 400, '7792289278', '2017-03-15 12:17:02'),
(306, 11713, 100, '7792388686', '2017-03-15 12:19:46'),
(307, 11714, 500, '7792487814', '2017-03-15 12:24:31'),
(308, 11716, 200, '7792656374', '2017-03-15 12:27:28'),
(309, 11718, 450, '7792844946', '2017-03-15 12:32:26'),
(310, 11719, 400, '7793069402', '2017-03-15 12:37:09'),
(311, 11721, 400, '7793412038', '2017-03-15 12:44:20'),
(312, 11722, 400, '7793591206', '2017-03-15 12:48:12'),
(313, 11723, 1050, 'midhun lal s', '2017-03-15 13:25:26'),
(314, 11732, 100, '7796334386', '2017-03-15 13:50:34'),
(315, 11386, 100, '7796638042', '2017-03-15 13:57:11'),
(316, 11737, 400, '7796888846', '2017-03-15 14:12:31'),
(317, 11753, 300, '7800304418', '2017-03-15 15:21:56'),
(318, 11763, 100, '7801235470', '2017-03-15 15:43:51'),
(319, 11779, 500, '1234', '2017-03-15 16:17:08'),
(320, 11781, 500, '12345', '2017-03-15 16:19:55'),
(321, 11783, 500, '123456', '2017-03-15 16:21:41'),
(322, 11785, 500, '1234567', '2017-03-15 16:23:21'),
(323, 11787, 200, '7803334786', '2017-03-15 16:43:26'),
(324, 11791, 100, '7803525762', '2017-03-15 16:48:20');

/*!40101 SET CHARACTER_SET_CLIENT=@OLD_CHARACTER_SET_CLIENT */;
/*!40101 SET CHARACTER_SET_RESULTS=@OLD_CHARACTER_SET_RESULTS */;
/*!40101 SET COLLATION_CONNECTION=@OLD_COLLATION_CONNECTION */;
